id	label	length	num_loops	max_loop_size	bulge_count	bulge_chain_count	bulge_density	mfe
Hsa-Let-7-P1b_pre	1	67	6	7	6.0	5.0	0.08955223880597014	-29.2
Hsa-Let-7-P1c_pre	1	67	10	3	10.0	9.0	0.14925373134328357	-22.1
Hsa-Let-7-P1d_pre	1	67	6	9	6.0	5.0	0.08955223880597014	-22.5
Hsa-Let-7-P2a1_pre	1	72	4	5	4.0	3.0	0.05555555555555555	-29.1
Hsa-Let-7-P2a2_pre	1	69	2	9	2.0	1.0	0.028985507246376812	-29.9
Hsa-Let-7-P2a3_pre	1	71	2	8	2.0	1.0	0.028169014084507043	-27.4
Hsa-Let-7-P2b1_pre	1	77	2	9	2.0	1.0	0.025974025974025976	-37.9
Hsa-Let-7-P2b2_pre	1	75	4	5	4.0	3.0	0.05333333333333334	-38.9
Hsa-Let-7-P2b3_pre	1	79	4	11	4.0	3.0	0.05063291139240506	-31.5
Hsa-Let-7-P2c1_pre	1	75	5	10	5.0	4.0	0.06666666666666667	-34.3
Hsa-Let-7-P2c2_pre	1	77	5	9	5.0	4.0	0.06493506493506493	-36.3
Hsa-Let-7-P2c3_pre	1	78	7	5	7.0	6.0	0.08974358974358974	-33.8
Hsa-Mir-1-P1_pre	1	61	5	8	5.0	4.0	0.08196721311475409	-20.8
Hsa-Mir-1-P2_pre	1	60	6	6	6.0	5.0	0.1	-22.2
Hsa-Mir-1-P3_pre	1	61	4	5	4.0	3.0	0.06557377049180328	-23.6
Hsa-Mir-7-P1_pre	1	62	7	12	7.0	6.0	0.11290322580645161	-19.3
Hsa-Mir-7-P2_pre	1	64	6	4	6.0	5.0	0.09375	-24.9
Hsa-Mir-7-P4_pre	1	60	9	6	9.0	8.0	0.15	-15.7
Hsa-Mir-8-P1a_pre	1	59	5	6	5.0	4.0	0.0847457627118644	-25.3
Hsa-Mir-8-P1b_pre	1	62	7	8	7.0	6.0	0.11290322580645161	-27.8
Hsa-Mir-8-P2a_pre	1	61	3	11	3.0	2.0	0.04918032786885246	-27.9
Hsa-Mir-8-P2b_pre	1	65	6	7	6.0	5.0	0.09230769230769231	-26.4
Hsa-Mir-8-P3a_pre	1	57	5	10	5.0	4.0	0.08771929824561403	-20.8
Hsa-Mir-9-P1_pre	1	62	5	6	5.0	4.0	0.08064516129032258	-30.0
Hsa-Mir-9-P2_pre	1	60	4	7	4.0	3.0	0.06666666666666667	-25.8
Hsa-Mir-9-P3_pre	1	62	7	4	7.0	6.0	0.11290322580645161	-26.6
Hsa-Mir-10-P1b-v1_pre	1	62	8	4	8.0	7.0	0.12903225806451613	-23.4
Hsa-Mir-10-P1c-v1_pre	1	63	5	16	5.0	4.0	0.07936507936507936	-22.9
Hsa-Mir-10-P2b_pre	1	60	9	4	9.0	8.0	0.15	-23.4
Hsa-Mir-10-P2c_pre	1	59	6	8	6.0	5.0	0.1016949152542373	-25.9
Hsa-Mir-10-P2d_pre	1	57	7	11	7.0	6.0	0.12280701754385964	-18.4
Hsa-Mir-10-P3b_pre	1	60	6	4	6.0	5.0	0.1	-25.9
Hsa-Mir-10-P3c_pre	1	61	7	9	7.0	6.0	0.11475409836065574	-23.8
Hsa-Mir-10-P3d_pre	1	62	6	5	6.0	5.0	0.0967741935483871	-25.6
Hsa-Mir-15-P1a_pre	1	59	3	13	3.0	2.0	0.05084745762711865	-24.8
Hsa-Mir-15-P1b_pre	1	60	8	7	8.0	7.0	0.13333333333333333	-18.0
Hsa-Mir-15-P1c_pre	1	59	5	3	5.0	4.0	0.0847457627118644	-26.5
Hsa-Mir-15-P1d_pre	1	62	8	6	8.0	7.0	0.12903225806451613	-28.1
Hsa-Mir-15-P2a_pre	1	65	8	10	8.0	7.0	0.12307692307692308	-24.4
Hsa-Mir-15-P2b_pre	1	65	5	17	5.0	4.0	0.07692307692307693	-22.4
Hsa-Mir-15-P2c_pre	1	63	6	5	6.0	5.0	0.09523809523809523	-32.7
Hsa-Mir-15-P2d_pre	1	61	4	8	4.0	3.0	0.06557377049180328	-29.7
Hsa-Mir-17-P1a_pre	1	60	7	7	7.0	6.0	0.11666666666666667	-22.9
Hsa-Mir-17-P1c_pre	1	59	6	3	6.0	5.0	0.1016949152542373	-23.9
Hsa-Mir-17-P1d_pre	1	62	7	6	7.0	6.0	0.11290322580645161	-26.2
Hsa-Mir-17-P2a_pre	1	65	11	5	11.0	10.0	0.16923076923076924	-19.0
Hsa-Mir-17-P2c_pre	1	65	8	16	8.0	7.0	0.12307692307692308	-17.2
Hsa-Mir-17-P4a_pre	1	59	2	11	2.0	1.0	0.03389830508474576	-26.5
Hsa-Mir-17-P4c_pre	1	61	5	7	5.0	4.0	0.08196721311475409	-25.8
Hsa-Mir-17-P4d_pre	1	62	5	9	5.0	4.0	0.08064516129032258	-22.7
Hsa-Mir-19-P1a_pre	1	58	3	7	3.0	2.0	0.05172413793103448	-22.9
Hsa-Mir-19-P2a_pre	1	61	4	13	4.0	3.0	0.06557377049180328	-23.8
Hsa-Mir-19-P2c_pre	1	66	5	4	5.0	4.0	0.07575757575757576	-27.0
Hsa-Mir-21_pre	1	60	6	3	6.0	5.0	0.1	-24.8
Hsa-Mir-22-P1b_pre	1	60	4	9	4.0	3.0	0.06666666666666667	-25.9
Hsa-Mir-23-P2_pre	1	61	4	14	4.0	3.0	0.06557377049180328	-22.4
Hsa-Mir-23-P3_pre	1	59	5	10	5.0	4.0	0.0847457627118644	-25.7
Hsa-Mir-24-P2_pre	1	60	7	13	7.0	6.0	0.11666666666666667	-20.7
Hsa-Mir-24-P3_pre	1	60	8	9	8.0	7.0	0.13333333333333333	-21.1
Hsa-Mir-26-P1_pre	1	61	3	15	3.0	2.0	0.04918032786885246	-24.1
Hsa-Mir-26-P2_pre	1	57	4	6	4.0	3.0	0.07017543859649122	-23.1
Hsa-Mir-26-P4_pre	1	60	3	14	3.0	2.0	0.05	-24.7
Hsa-Mir-27-P2_pre	1	63	5	4	5.0	4.0	0.07936507936507936	-25.0
Hsa-Mir-27-P3_pre	1	62	5	8	5.0	4.0	0.08064516129032258	-29.0
Hsa-Mir-28_pre	1	62	4	6	4.0	3.0	0.06451612903225806	-30.1
Hsa-Mir-29-P1b-v1_pre	1	64	4	13	4.0	3.0	0.0625	-24.0
Hsa-Mir-29-P1d-v1_pre	1	65	5	14	5.0	4.0	0.07692307692307693	-23.8
Hsa-Mir-29-P2b_pre	1	60	4	11	4.0	3.0	0.06666666666666667	-21.3
Hsa-Mir-29-P2d_pre	1	58	4	11	4.0	3.0	0.06896551724137931	-22.4
Hsa-Mir-30-P1a_pre	1	62	3	14	3.0	2.0	0.04838709677419355	-26.7
Hsa-Mir-30-P1b_pre	1	63	3	5	3.0	2.0	0.047619047619047616	-31.8
Hsa-Mir-30-P1d_pre	1	64	6	4	6.0	5.0	0.09375	-30.9
Hsa-Mir-30-P2a_pre	1	60	4	12	4.0	3.0	0.06666666666666667	-24.3
Hsa-Mir-30-P2b_pre	1	62	5	14	5.0	4.0	0.08064516129032258	-24.4
Hsa-Mir-30-P2d_pre	1	61	6	4	6.0	5.0	0.09836065573770492	-24.3
Hsa-Mir-31_pre	1	59	7	8	7.0	6.0	0.11864406779661017	-27.7
Hsa-Mir-32_pre	1	62	5	4	5.0	4.0	0.08064516129032258	-24.3
Hsa-Mir-33-P1_pre	1	59	5	5	5.0	4.0	0.0847457627118644	-36.7
Hsa-Mir-33-P3_pre	1	61	6	4	6.0	5.0	0.09836065573770492	-26.0
Hsa-Mir-34-P1_pre	1	65	5	5	5.0	4.0	0.07692307692307693	-27.8
Hsa-Mir-34-P2a_pre	1	59	5	5	5.0	4.0	0.0847457627118644	-23.9
Hsa-Mir-34-P2b_pre	1	55	8	4	8.0	7.0	0.14545454545454545	-21.3
Hsa-Mir-34-P3a-v1_pre	1	58	3	5	3.0	2.0	0.05172413793103448	-30.5
Hsa-Mir-34-P3b_pre	1	60	7	6	7.0	6.0	0.11666666666666667	-25.8
Hsa-Mir-34-P3c_pre	1	62	6	4	6.0	5.0	0.0967741935483871	-24.1
Hsa-Mir-92-P1a_pre	1	59	4	6	4.0	3.0	0.06779661016949153	-31.0
Hsa-Mir-92-P1c_pre	1	61	9	3	9.0	8.0	0.14754098360655737	-25.1
Hsa-Mir-92-P1d_pre	1	63	4	13	4.0	3.0	0.06349206349206349	-32.3
Hsa-Mir-92-P2a_pre	1	60	7	8	7.0	6.0	0.11666666666666667	-20.5
Hsa-Mir-92-P2c_pre	1	65	4	18	4.0	3.0	0.06153846153846154	-23.0
Hsa-Mir-92-P2d_pre	1	60	9	8	9.0	8.0	0.15	-23.6
Hsa-Mir-95_pre	1	57	2	6	2.0	1.0	0.03508771929824561	-21.8
Hsa-Mir-96-P1_pre	1	64	5	6	5.0	4.0	0.078125	-29.5
Hsa-Mir-96-P2_pre	1	65	4	14	4.0	3.0	0.06153846153846154	-22.0
Hsa-Mir-96-P3-v1_pre	1	62	6	6	6.0	5.0	0.0967741935483871	-22.0
Hsa-Mir-101-P1-v1_pre	1	59	2	12	2.0	1.0	0.03389830508474576	-31.4
Hsa-Mir-101-P2-v1_pre	1	59	4	12	4.0	3.0	0.06779661016949153	-22.8
Hsa-Mir-103-P1_pre	1	60	6	5	6.0	5.0	0.1	-21.8
Hsa-Mir-103-P2_pre	1	60	8	5	8.0	7.0	0.13333333333333333	-23.5
Hsa-Mir-103-P4_pre	1	60	9	4	9.0	8.0	0.15	-24.2
Hsa-Mir-105-P1_pre	1	59	5	10	5.0	4.0	0.0847457627118644	-28.8
Hsa-Mir-105-P2_pre	1	59	5	10	5.0	4.0	0.0847457627118644	-28.8
Hsa-Mir-122_pre	1	58	3	12	3.0	2.0	0.05172413793103448	-24.1
Hsa-Mir-124-P1-v1_pre	1	59	5	11	5.0	4.0	0.0847457627118644	-22.5
Hsa-Mir-124-P2-v1_pre	1	61	5	13	5.0	4.0	0.08196721311475409	-22.3
Hsa-Mir-124-P3-v1_pre	1	60	5	12	5.0	4.0	0.08333333333333333	-22.4
Hsa-Mir-126-P2-v1_pre	1	59	5	5	5.0	4.0	0.0847457627118644	-22.1
Hsa-Mir-127_pre	1	56	8	5	8.0	7.0	0.14285714285714285	-25.7
Hsa-Mir-128-P1_pre	1	58	6	8	6.0	5.0	0.10344827586206896	-23.4
Hsa-Mir-128-P2_pre	1	56	4	4	4.0	3.0	0.07142857142857142	-24.8
Hsa-Mir-129-P1_pre	1	64	6	10	6.0	5.0	0.09375	-23.5
Hsa-Mir-129-P2_pre	1	66	11	4	11.0	10.0	0.16666666666666666	-26.4
Hsa-Mir-130-P1c_pre	1	62	7	4	7.0	6.0	0.11290322580645161	-23.7
Hsa-Mir-130-P2a_pre	1	60	7	11	7.0	6.0	0.11666666666666667	-19.5
Hsa-Mir-130-P2b_pre	1	62	8	8	8.0	7.0	0.12903225806451613	-20.0
Hsa-Mir-130-P3b_pre	1	65	5	4	5.0	4.0	0.07692307692307693	-21.5
Hsa-Mir-130-P4a_pre	1	60	7	4	7.0	6.0	0.11666666666666667	-19.4
Hsa-Mir-132-P1_pre	1	58	5	4	5.0	4.0	0.08620689655172414	-25.9
Hsa-Mir-132-P2_pre	1	62	8	3	8.0	7.0	0.12903225806451613	-25.7
Hsa-Mir-133-P1-v1_pre	1	60	7	12	7.0	6.0	0.11666666666666667	-23.5
Hsa-Mir-133-P2-v1_pre	1	59	9	3	9.0	8.0	0.15254237288135594	-23.5
Hsa-Mir-133-P3-v1_pre	1	60	9	8	9.0	8.0	0.15	-23.8
Hsa-Mir-134_pre	1	61	8	5	8.0	7.0	0.13114754098360656	-26.4
Hsa-Mir-135-P1_pre	1	60	3	13	3.0	2.0	0.05	-23.8
Hsa-Mir-135-P2_pre	1	60	6	5	6.0	5.0	0.1	-24.4
Hsa-Mir-135-P4_pre	1	61	4	6	4.0	3.0	0.06557377049180328	-21.7
Hsa-Mir-136-v1_pre	1	56	4	9	4.0	3.0	0.07142857142857142	-20.3
Hsa-Mir-137-P1-v1_pre	1	59	5	5	5.0	4.0	0.0847457627118644	-24.5
Hsa-Mir-138-P1_pre	1	61	5	5	5.0	4.0	0.08196721311475409	-31.8
Hsa-Mir-138-P2_pre	1	68	6	6	6.0	5.0	0.08823529411764706	-29.3
Hsa-Mir-139_pre	1	59	7	7	7.0	6.0	0.11864406779661017	-32.3
Hsa-Mir-140-P2-v1_pre	1	62	6	3	6.0	5.0	0.0967741935483871	-31.5
Hsa-Mir-142-P2-v1_pre	1	59	7	4	7.0	6.0	0.11864406779661017	-23.4
Hsa-Mir-143_pre	1	55	8	6	8.0	7.0	0.14545454545454545	-26.1
Hsa-Mir-144-v1_pre	1	58	5	6	5.0	4.0	0.08620689655172414	-21.5
Hsa-Mir-145_pre	1	60	5	13	5.0	4.0	0.08333333333333333	-26.0
Hsa-Mir-146-P1_pre	1	59	8	8	8.0	7.0	0.13559322033898305	-23.8
Hsa-Mir-146-P4_pre	1	57	6	7	6.0	5.0	0.10526315789473684	-20.8
Hsa-Mir-147-v1_pre	1	60	4	9	4.0	3.0	0.06666666666666667	-25.1
Hsa-Mir-148-P1_pre	1	60	6	7	6.0	5.0	0.1	-17.5
Hsa-Mir-148-P3_pre	1	59	7	4	7.0	6.0	0.11864406779661017	-21.6
Hsa-Mir-148-P4_pre	1	61	6	13	6.0	5.0	0.09836065573770492	-18.3
Hsa-Mir-149_pre	1	62	9	4	9.0	8.0	0.14516129032258066	-30.5
Hsa-Mir-150_pre	1	56	7	4	7.0	6.0	0.125	-29.0
Hsa-Mir-151_pre	1	57	5	8	5.0	4.0	0.08771929824561403	-29.9
Hsa-Mir-153-P1_pre	1	61	5	7	5.0	4.0	0.08196721311475409	-26.9
Hsa-Mir-153-P2_pre	1	60	4	6	4.0	3.0	0.06666666666666667	-24.9
Hsa-Mir-154-P1_pre	1	59	6	10	6.0	5.0	0.1016949152542373	-21.7
Hsa-Mir-154-P2-v1_pre	1	56	6	9	6.0	5.0	0.10714285714285714	-20.3
Hsa-Mir-154-P3-v1_pre	1	55	1	7	1.0	0.0	0.01818181818181818	-36.5
Hsa-Mir-154-P4_pre	1	57	7	4	7.0	6.0	0.12280701754385964	-20.2
Hsa-Mir-154-P5_pre	1	56	7	9	7.0	6.0	0.125	-17.7
Hsa-Mir-154-P6a-v1_pre	1	56	11	8	11.0	10.0	0.19642857142857142	-22.3
Hsa-Mir-154-P6b_pre	1	57	5	8	5.0	4.0	0.08771929824561403	-21.5
Hsa-Mir-154-P7_pre	1	58	9	9	9.0	8.0	0.15517241379310345	-17.4
Hsa-Mir-154-P8a_pre	1	60	7	6	7.0	6.0	0.11666666666666667	-21.8
Hsa-Mir-154-P8b_pre	1	60	7	6	7.0	6.0	0.11666666666666667	-21.8
Hsa-Mir-154-P9_pre	1	56	6	9	6.0	5.0	0.10714285714285714	-18.1
Hsa-Mir-154-P10_pre	1	57	7	6	7.0	6.0	0.12280701754385964	-21.0
Hsa-Mir-154-P11_pre	1	58	8	9	8.0	7.0	0.13793103448275862	-19.6
Hsa-Mir-154-P12_pre	1	58	6	9	6.0	5.0	0.10344827586206896	-21.0
Hsa-Mir-154-P14_pre	1	56	7	9	7.0	6.0	0.125	-20.8
Hsa-Mir-154-P16a_pre	1	60	6	8	6.0	5.0	0.1	-26.0
Hsa-Mir-154-P16b_pre	1	60	6	8	6.0	5.0	0.1	-26.0
Hsa-Mir-154-P17_pre	1	63	8	8	8.0	7.0	0.12698412698412698	-30.2
Hsa-Mir-154-P18_pre	1	58	7	12	7.0	6.0	0.1206896551724138	-20.3
Hsa-Mir-154-P19_pre	1	64	6	9	6.0	5.0	0.09375	-19.1
Hsa-Mir-154-P20_pre	1	59	7	9	7.0	6.0	0.11864406779661017	-17.6
Hsa-Mir-154-P21_pre	1	60	5	12	5.0	4.0	0.08333333333333333	-21.5
Hsa-Mir-154-P23_pre	1	58	6	9	6.0	5.0	0.10344827586206896	-19.1
Hsa-Mir-154-P24_pre	1	58	4	9	4.0	3.0	0.06896551724137931	-23.1
Hsa-Mir-154-P25_pre	1	59	5	11	5.0	4.0	0.0847457627118644	-25.0
Hsa-Mir-154-P26_pre	1	58	8	7	8.0	7.0	0.13793103448275862	-20.8
Hsa-Mir-154-P28-v1_pre	1	54	5	8	5.0	4.0	0.09259259259259259	-19.1
Hsa-Mir-154-P29_pre	1	60	6	9	6.0	5.0	0.1	-21.1
Hsa-Mir-154-P30_pre	1	54	5	8	5.0	4.0	0.09259259259259259	-22.2
Hsa-Mir-154-P31_pre	1	55	7	4	7.0	6.0	0.12727272727272726	-15.5
Hsa-Mir-154-P32_pre	1	56	3	12	3.0	2.0	0.05357142857142857	-22.3
Hsa-Mir-154-P33_pre	1	57	6	10	6.0	5.0	0.10526315789473684	-20.8
Hsa-Mir-154-P34_pre	1	56	6	5	6.0	5.0	0.10714285714285714	-19.5
Hsa-Mir-155_pre	1	61	5	4	5.0	4.0	0.08196721311475409	-23.1
Hsa-Mir-181-P1a_pre	1	62	7	7	7.0	6.0	0.11290322580645161	-21.8
Hsa-Mir-181-P1b_pre	1	60	5	11	5.0	4.0	0.08333333333333333	-20.9
Hsa-Mir-181-P1c_pre	1	61	4	11	4.0	3.0	0.06557377049180328	-24.2
Hsa-Mir-181-P2a_pre	1	60	4	4	4.0	3.0	0.06666666666666667	-23.3
Hsa-Mir-181-P2b_pre	1	60	3	7	3.0	2.0	0.05	-24.7
Hsa-Mir-181-P2c_pre	1	63	5	8	5.0	4.0	0.07936507936507936	-27.5
Hsa-Mir-184_pre	1	62	7	6	7.0	6.0	0.11290322580645161	-23.2
Hsa-Mir-185_pre	1	56	6	6	6.0	5.0	0.10714285714285714	-28.4
Hsa-Mir-186_pre	1	61	4	14	4.0	3.0	0.06557377049180328	-25.0
Hsa-Mir-187_pre	1	58	9	6	9.0	8.0	0.15517241379310345	-28.6
Hsa-Mir-188-P1_pre	1	59	9	13	9.0	8.0	0.15254237288135594	-18.5
Hsa-Mir-188-P2_pre	1	60	7	5	7.0	6.0	0.11666666666666667	-27.1
Hsa-Mir-188-P3_pre	1	59	6	11	6.0	5.0	0.1016949152542373	-20.2
Hsa-Mir-190-P1_pre	1	59	2	10	2.0	1.0	0.03389830508474576	-19.3
Hsa-Mir-190-P3_pre	1	60	4	6	4.0	3.0	0.06666666666666667	-21.0
Hsa-Mir-191_pre	1	64	6	7	6.0	5.0	0.09375	-24.6
Hsa-Mir-192-P2_pre	1	60	7	11	7.0	6.0	0.11666666666666667	-21.6
Hsa-Mir-192-P4_pre	1	65	4	16	4.0	3.0	0.06153846153846154	-29.6
Hsa-Mir-193-P1a_pre	1	59	7	9	7.0	6.0	0.11864406779661017	-27.7
Hsa-Mir-193-P1b_pre	1	56	9	10	9.0	8.0	0.16071428571428573	-24.7
Hsa-Mir-193-P2a_pre	1	61	5	9	5.0	4.0	0.08196721311475409	-24.5
Hsa-Mir-193-P2b_pre	1	62	8	5	8.0	7.0	0.12903225806451613	-25.1
Hsa-Mir-194-P2_pre	1	58	6	6	6.0	5.0	0.10344827586206896	-26.7
Hsa-Mir-194-P4_pre	1	58	5	4	5.0	4.0	0.08620689655172414	-26.1
Hsa-Mir-196-P1_pre	1	58	5	10	5.0	4.0	0.08620689655172414	-24.5
Hsa-Mir-196-P3_pre	1	60	8	9	8.0	7.0	0.13333333333333333	-17.0
Hsa-Mir-196-P4_pre	1	59	4	8	4.0	3.0	0.06779661016949153	-28.1
Hsa-Mir-197_pre	1	61	8	4	8.0	7.0	0.13114754098360656	-28.0
Hsa-Mir-199-P1-v1_pre	1	61	7	6	7.0	6.0	0.11475409836065574	-25.3
Hsa-Mir-199-P2-v1_pre	1	61	6	10	6.0	5.0	0.09836065573770492	-22.7
Hsa-Mir-199-P3-v1_pre	1	63	8	3	8.0	7.0	0.12698412698412698	-24.8
Hsa-Mir-202_pre	1	58	4	6	4.0	3.0	0.06896551724137931	-28.4
Hsa-Mir-203-v1_pre	1	60	7	6	7.0	6.0	0.11666666666666667	-22.0
Hsa-Mir-204-P1_pre	1	58	6	3	6.0	5.0	0.10344827586206896	-26.3
Hsa-Mir-204-P2_pre	1	60	4	15	4.0	3.0	0.06666666666666667	-28.5
Hsa-Mir-205-P4_pre	1	59	3	13	3.0	2.0	0.05084745762711865	-25.6
Hsa-Mir-208-P1-v1_pre	1	57	5	7	5.0	4.0	0.08771929824561403	-16.4
Hsa-Mir-208-P2_pre	1	57	9	3	9.0	8.0	0.15789473684210525	-20.6
Hsa-Mir-210_pre	1	60	11	3	11.0	10.0	0.18333333333333332	-24.5
Hsa-Mir-214-v1_pre	1	63	3	13	3.0	2.0	0.047619047619047616	-34.3
Hsa-Mir-216-P2a_pre	1	62	9	6	9.0	8.0	0.14516129032258066	-19.9
Hsa-Mir-216-P2b_pre	1	62	7	4	7.0	6.0	0.11290322580645161	-25.2
Hsa-Mir-217-v1_pre	1	59	6	8	6.0	5.0	0.1016949152542373	-22.8
Hsa-Mir-218-P2_pre	1	64	5	9	5.0	4.0	0.078125	-26.5
Hsa-Mir-218-P4_pre	1	64	5	12	5.0	4.0	0.078125	-24.0
Hsa-Mir-219-P2_pre	1	65	7	3	7.0	6.0	0.1076923076923077	-25.2
Hsa-Mir-219-P2-as_pre	1	65	8	7	8.0	7.0	0.12307692307692308	-18.8
Hsa-Mir-219-P3_pre	1	63	7	9	7.0	6.0	0.1111111111111111	-25.4
Hsa-Mir-221-P1a_pre	1	64	4	11	4.0	3.0	0.0625	-33.6
Hsa-Mir-221-P2a_pre	1	63	5	5	5.0	4.0	0.07936507936507936	-25.2
Hsa-Mir-223-v1_pre	1	65	2	9	2.0	1.0	0.03076923076923077	-25.2
Hsa-Mir-224_pre	1	69	7	5	7.0	6.0	0.10144927536231885	-26.7
Hsa-Mir-296_pre	1	56	6	9	6.0	5.0	0.10714285714285714	-24.7
Hsa-Mir-320-P1_pre	1	54	5	4	5.0	4.0	0.09259259259259259	-38.1
Hsa-Mir-320-P2a_pre	1	54	5	6	5.0	4.0	0.09259259259259259	-26.3
Hsa-Mir-320-P2b_pre	1	53	5	4	5.0	4.0	0.09433962264150944	-31.4
Hsa-Mir-320-P3_pre	1	54	5	8	5.0	4.0	0.09259259259259259	-30.3
Hsa-Mir-320-P4_pre	1	54	5	4	5.0	4.0	0.09259259259259259	-31.2
Hsa-Mir-324_pre	1	57	10	10	10.0	9.0	0.17543859649122806	-20.6
Hsa-Mir-325_pre	1	60	8	7	8.0	7.0	0.13333333333333333	-11.4
Hsa-Mir-326_pre	1	60	7	6	7.0	6.0	0.11666666666666667	-31.6
Hsa-Mir-328_pre	1	61	5	7	5.0	4.0	0.08196721311475409	-35.7
Hsa-Mir-330-v1_pre	1	64	6	13	6.0	5.0	0.09375	-26.5
Hsa-Mir-331_pre	1	56	6	11	6.0	5.0	0.10714285714285714	-25.5
Hsa-Mir-335_pre	1	58	7	6	7.0	6.0	0.1206896551724138	-20.9
Hsa-Mir-337-as_pre	1	60	7	8	7.0	6.0	0.11666666666666667	-24.0
Hsa-Mir-337-v1_pre	1	60	8	6	8.0	7.0	0.13333333333333333	-24.8
Hsa-Mir-338-P2_pre	1	59	5	13	5.0	4.0	0.0847457627118644	-22.2
Hsa-Mir-338-P2-as_pre	1	63	9	6	9.0	8.0	0.14285714285714285	-20.8
Hsa-Mir-339_pre	1	58	9	4	9.0	8.0	0.15517241379310345	-25.4
Hsa-Mir-340_pre	1	65	6	7	6.0	5.0	0.09230769230769231	-19.2
Hsa-Mir-342_pre	1	67	7	5	7.0	6.0	0.1044776119402985	-23.3
Hsa-Mir-345_pre	1	58	5	8	5.0	4.0	0.08620689655172414	-28.1
Hsa-Mir-346_pre	1	60	7	10	7.0	6.0	0.11666666666666667	-27.8
Hsa-Mir-361-v1_pre	1	64	7	10	7.0	6.0	0.109375	-23.4
Hsa-Mir-362-P3a-v1_pre	1	62	4	9	4.0	3.0	0.06451612903225806	-23.9
Hsa-Mir-362-P3b_pre	1	62	6	9	6.0	5.0	0.0967741935483871	-28.1
Hsa-Mir-362-P4_pre	1	59	4	5	4.0	3.0	0.06779661016949153	-25.2
Hsa-Mir-362-P5_pre	1	60	6	9	6.0	5.0	0.1	-23.7
Hsa-Mir-362-P6_pre	1	60	4	9	4.0	3.0	0.06666666666666667	-25.7
Hsa-Mir-370_pre	1	57	7	9	7.0	6.0	0.12280701754385964	-20.8
Hsa-Mir-374-P1_pre	1	52	3	4	3.0	2.0	0.057692307692307696	-25.4
Hsa-Mir-374-P2_pre	1	52	1	4	1.0	0.0	0.019230769230769232	-31.8
Hsa-Mir-375_pre	1	57	8	8	8.0	7.0	0.14035087719298245	-22.1
Hsa-Mir-376-P1_pre	1	58	6	10	6.0	5.0	0.10344827586206896	-20.8
Hsa-Mir-376-P2_pre	1	58	4	13	4.0	3.0	0.06896551724137931	-23.0
Hsa-Mir-376-P3_pre	1	58	5	5	5.0	4.0	0.08620689655172414	-22.3
Hsa-Mir-376-P4_pre	1	58	6	10	6.0	5.0	0.10344827586206896	-18.4
Hsa-Mir-376-P5_pre	1	58	8	5	8.0	7.0	0.13793103448275862	-15.8
Hsa-Mir-378_pre	1	60	7	8	7.0	6.0	0.11666666666666667	-32.6
Hsa-Mir-383-v1_pre	1	62	5	8	5.0	4.0	0.08064516129032258	-26.6
Hsa-Mir-421-P1-v1_pre	1	63	6	13	6.0	5.0	0.09523809523809523	-14.2
Hsa-Mir-421-P2_pre	1	57	4	9	4.0	3.0	0.07017543859649122	-16.9
Hsa-Mir-423_pre	1	59	6	9	6.0	5.0	0.1016949152542373	-29.0
Hsa-Mir-425_pre	1	63	5	12	5.0	4.0	0.07936507936507936	-22.7
Hsa-Mir-430-P1_pre	1	59	5	11	5.0	4.0	0.0847457627118644	-24.0
Hsa-Mir-430-P2_pre	1	60	7	3	7.0	6.0	0.11666666666666667	-24.6
Hsa-Mir-430-P3_pre	1	61	5	9	5.0	4.0	0.08196721311475409	-27.4
Hsa-Mir-430-P4_pre	1	61	5	6	5.0	4.0	0.08196721311475409	-27.6
Hsa-Mir-430-P5_pre	1	59	6	4	6.0	5.0	0.1016949152542373	-31.1
Hsa-Mir-430-P6_pre	1	59	7	5	7.0	6.0	0.11864406779661017	-23.2
Hsa-Mir-430-P7_pre	1	61	3	14	3.0	2.0	0.04918032786885246	-28.2
Hsa-Mir-430-P8a_pre	1	58	5	12	5.0	4.0	0.08620689655172414	-29.6
Hsa-Mir-430-P8b_pre	1	58	5	12	5.0	4.0	0.08620689655172414	-29.6
Hsa-Mir-430-P9_pre	1	56	4	11	4.0	3.0	0.07142857142857142	-23.4
Hsa-Mir-430-P10_pre	1	60	6	11	6.0	5.0	0.1	-25.3
Hsa-Mir-430-P11_pre	1	61	7	4	7.0	6.0	0.11475409836065574	-29.3
Hsa-Mir-430-P12a_pre	1	59	4	7	4.0	3.0	0.06779661016949153	-26.9
Hsa-Mir-430-P12b_pre	1	59	4	7	4.0	3.0	0.06779661016949153	-26.9
Hsa-Mir-430-P13_pre	1	59	6	6	6.0	5.0	0.1016949152542373	-21.5
Hsa-Mir-430-P14_pre	1	61	2	9	2.0	1.0	0.03278688524590164	-32.8
Hsa-Mir-430-P15_pre	1	60	5	4	5.0	4.0	0.08333333333333333	-27.0
Hsa-Mir-430-P16a_pre	1	59	9	5	9.0	8.0	0.15254237288135594	-24.4
Hsa-Mir-430-P16b_pre	1	59	7	4	7.0	6.0	0.11864406779661017	-19.4
Hsa-Mir-430-P17_pre	1	59	5	3	5.0	4.0	0.0847457627118644	-34.8
Hsa-Mir-430-P18_pre	1	59	7	5	7.0	6.0	0.11864406779661017	-31.6
Hsa-Mir-430-P19_pre	1	60	5	4	5.0	4.0	0.08333333333333333	-29.8
Hsa-Mir-430-P20_pre	1	59	7	15	7.0	6.0	0.11864406779661017	-21.1
Hsa-Mir-430-P21_pre	1	59	7	4	7.0	6.0	0.11864406779661017	-30.6
Hsa-Mir-430-P22_pre	1	59	4	6	4.0	3.0	0.06779661016949153	-30.1
Hsa-Mir-430-P23_pre	1	61	5	4	5.0	4.0	0.08196721311475409	-33.5
Hsa-Mir-430-P24_pre	1	59	8	3	8.0	7.0	0.13559322033898305	-26.4
Hsa-Mir-430-P25_pre	1	59	6	4	6.0	5.0	0.1016949152542373	-31.6
Hsa-Mir-430-P26_pre	1	60	3	4	3.0	2.0	0.05	-34.4
Hsa-Mir-430-P27_pre	1	59	6	3	6.0	5.0	0.1016949152542373	-26.0
Hsa-Mir-430-P28_pre	1	59	5	4	5.0	4.0	0.0847457627118644	-28.0
Hsa-Mir-430-P29a_pre	1	61	7	15	7.0	6.0	0.11475409836065574	-21.1
Hsa-Mir-430-P29b_pre	1	59	7	13	7.0	6.0	0.11864406779661017	-21.2
Hsa-Mir-430-P29c_pre	1	59	7	13	7.0	6.0	0.11864406779661017	-21.6
Hsa-Mir-430-P30_pre	1	62	6	8	6.0	5.0	0.0967741935483871	-25.1
Hsa-Mir-430-P31a_pre	1	61	6	6	6.0	5.0	0.09836065573770492	-18.0
Hsa-Mir-430-P31b_pre	1	61	9	4	9.0	8.0	0.14754098360655737	-19.0
Hsa-Mir-430-P32_pre	1	60	6	4	6.0	5.0	0.1	-24.8
Hsa-Mir-430-P33a_pre	1	60	3	13	3.0	2.0	0.05	-22.7
Hsa-Mir-430-P33b_pre	1	60	3	13	3.0	2.0	0.05	-22.7
Hsa-Mir-430-P34a_pre	1	58	4	10	4.0	3.0	0.06896551724137931	-21.9
Hsa-Mir-430-P34b_pre	1	63	4	5	4.0	3.0	0.06349206349206349	-27.4
Hsa-Mir-430-P35_pre	1	55	7	11	7.0	6.0	0.12727272727272726	-18.0
Hsa-Mir-430-P36_pre	1	59	3	15	3.0	2.0	0.05084745762711865	-32.9
Hsa-Mir-430-P37a_pre	1	60	7	5	7.0	6.0	0.11666666666666667	-30.7
Hsa-Mir-430-P37b_pre	1	60	7	5	7.0	6.0	0.11666666666666667	-30.7
Hsa-Mir-430-P37c_pre	1	59	5	4	5.0	4.0	0.0847457627118644	-26.4
Hsa-Mir-430-P38_pre	1	59	6	3	6.0	5.0	0.1016949152542373	-27.5
Hsa-Mir-430-P39_pre	1	60	7	4	7.0	6.0	0.11666666666666667	-25.4
Hsa-Mir-430-P40a_pre	1	61	5	4	5.0	4.0	0.08196721311475409	-30.9
Hsa-Mir-430-P40b_pre	1	61	7	4	7.0	6.0	0.11475409836065574	-25.7
Hsa-Mir-430-P41a_pre	1	63	7	4	7.0	6.0	0.1111111111111111	-25.3
Hsa-Mir-430-P41b_pre	1	63	7	4	7.0	6.0	0.1111111111111111	-25.3
Hsa-Mir-431_pre	1	64	8	8	8.0	7.0	0.125	-24.9
Hsa-Mir-432_pre	1	69	9	6	9.0	8.0	0.13043478260869565	-27.2
Hsa-Mir-433_pre	1	74	8	8	8.0	7.0	0.10810810810810811	-27.4
Hsa-Mir-448_pre	1	79	8	6	8.0	7.0	0.10126582278481013	-36.1
Hsa-Mir-450-P1_pre	1	57	3	7	3.0	2.0	0.05263157894736842	-22.1
Hsa-Mir-450-P2_pre	1	57	3	9	3.0	2.0	0.05263157894736842	-21.4
Hsa-Mir-450-P3_pre	1	58	6	9	6.0	5.0	0.10344827586206896	-13.9
Hsa-Mir-451_pre	1	42	1	4	1.0	0.0	0.023809523809523808	-22.7
Hsa-Mir-452-v1_pre	1	61	7	11	7.0	6.0	0.11475409836065574	-25.7
Hsa-Mir-455-v1_pre	1	58	7	8	7.0	6.0	0.1206896551724138	-28.0
Hsa-Mir-459_pre	1	61	4	12	4.0	3.0	0.06557377049180328	-23.6
Hsa-Mir-483_pre	1	63	9	8	9.0	8.0	0.14285714285714285	-30.4
Hsa-Mir-484_pre	1	57	3	5	3.0	2.0	0.05263157894736842	-38.1
Hsa-Mir-486_pre	1	64	1	18	1.0	0.0	0.015625	-47.3
Hsa-Mir-488_pre	1	59	6	9	6.0	5.0	0.1016949152542373	-19.3
Hsa-Mir-489-v1_pre	1	60	6	4	6.0	5.0	0.1	-22.6
Hsa-Mir-490_pre	1	60	5	10	5.0	4.0	0.08333333333333333	-25.7
Hsa-Mir-491_pre	1	56	7	5	7.0	6.0	0.125	-24.6
Hsa-Mir-493_pre	1	62	1	17	1.0	0.0	0.016129032258064516	-24.4
Hsa-Mir-499_pre	1	59	3	13	3.0	2.0	0.05084745762711865	-23.7
Hsa-Mir-504-v1_pre	1	59	7	4	7.0	6.0	0.11864406779661017	-34.4
Hsa-Mir-505-v1_pre	1	59	5	11	5.0	4.0	0.0847457627118644	-28.2
Hsa-Mir-506-P1a1_pre	1	58	7	8	7.0	6.0	0.1206896551724138	-16.9
Hsa-Mir-506-P1a2_pre	1	58	7	8	7.0	6.0	0.1206896551724138	-16.9
Hsa-Mir-506-P1a3_pre	1	58	7	8	7.0	6.0	0.1206896551724138	-16.9
Hsa-Mir-506-P1b_pre	1	58	6	8	6.0	5.0	0.10344827586206896	-23.5
Hsa-Mir-506-P1c1_pre	1	58	4	12	4.0	3.0	0.06896551724137931	-22.4
Hsa-Mir-506-P1c2_pre	1	57	3	12	3.0	2.0	0.05263157894736842	-26.2
Hsa-Mir-506-P1c3_pre	1	58	4	12	4.0	3.0	0.06896551724137931	-22.4
Hsa-Mir-506-P1d_pre	1	61	6	7	6.0	5.0	0.09836065573770492	-22.4
Hsa-Mir-506-P1e_pre	1	58	4	8	4.0	3.0	0.06896551724137931	-21.5
Hsa-Mir-506-P2b_pre	1	58	5	8	5.0	4.0	0.08620689655172414	-23.7
Hsa-Mir-506-P3_pre	1	58	5	8	5.0	4.0	0.08620689655172414	-29.2
Hsa-Mir-506-P4_pre	1	57	5	4	5.0	4.0	0.08771929824561403	-19.8
Hsa-Mir-506-P5a1_pre	1	58	5	8	5.0	4.0	0.08620689655172414	-22.5
Hsa-Mir-506-P5a2_pre	1	58	5	8	5.0	4.0	0.08620689655172414	-22.5
Hsa-Mir-506-P5b_pre	1	58	5	8	5.0	4.0	0.08620689655172414	-23.9
Hsa-Mir-506-P5c_pre	1	58	5	8	5.0	4.0	0.08620689655172414	-22.7
Hsa-Mir-506-P6a_pre	1	57	5	5	5.0	4.0	0.08771929824561403	-25.3
Hsa-Mir-506-P6b_pre	1	57	7	11	7.0	6.0	0.12280701754385964	-19.5
Hsa-Mir-506-P6c_pre	1	57	5	11	5.0	4.0	0.08771929824561403	-25.3
Hsa-Mir-506-P6d_pre	1	57	5	11	5.0	4.0	0.08771929824561403	-19.9
Hsa-Mir-506-P6e_pre	1	57	5	11	5.0	4.0	0.08771929824561403	-20.3
Hsa-Mir-511_pre	1	61	6	6	6.0	5.0	0.09836065573770492	-20.6
Hsa-Mir-541_pre	1	66	6	4	6.0	5.0	0.09090909090909091	-22.1
Hsa-Mir-542-v1_pre	1	59	7	4	7.0	6.0	0.11864406779661017	-22.0
Hsa-Mir-544_pre	1	57	4	13	4.0	3.0	0.07017543859649122	-20.1
Hsa-Mir-550-P1_pre	1	62	4	7	4.0	3.0	0.06451612903225806	-39.7
Hsa-Mir-550-P2a_pre	1	62	3	7	3.0	2.0	0.04838709677419355	-39.3
Hsa-Mir-550-P2b_pre	1	62	4	7	4.0	3.0	0.06451612903225806	-39.7
Hsa-Mir-551-P1_pre	1	60	6	11	6.0	5.0	0.1	-25.5
Hsa-Mir-551-P2_pre	1	60	5	8	5.0	4.0	0.08333333333333333	-25.4
Hsa-Mir-552_pre	1	59	4	4	4.0	3.0	0.06779661016949153	-25.9
Hsa-Mir-556_pre	1	60	5	14	5.0	4.0	0.08333333333333333	-21.1
Hsa-Mir-561_pre	1	57	1	11	1.0	0.0	0.017543859649122806	-32.9
Hsa-Mir-574_pre	1	58	7	4	7.0	6.0	0.1206896551724138	-29.3
Hsa-Mir-576_pre	1	62	5	6	5.0	4.0	0.08064516129032258	-29.3
Hsa-Mir-577_pre	1	59	5	13	5.0	4.0	0.0847457627118644	-21.2
Hsa-Mir-579_pre	1	60	2	6	2.0	1.0	0.03333333333333333	-31.3
Hsa-Mir-580_pre	1	61	3	9	3.0	2.0	0.04918032786885246	-25.9
Hsa-Mir-582-v1_pre	1	60	1	14	1.0	0.0	0.016666666666666666	-30.5
Hsa-Mir-584_pre	1	62	7	4	7.0	6.0	0.11290322580645161	-30.6
Hsa-Mir-585_pre	1	58	5	10	5.0	4.0	0.08620689655172414	-33.7
Hsa-Mir-589_pre	1	61	11	6	11.0	10.0	0.18032786885245902	-22.8
Hsa-Mir-590_pre	1	61	7	5	7.0	6.0	0.11475409836065574	-19.6
Hsa-Mir-592_pre	1	61	6	4	6.0	5.0	0.09836065573770492	-27.5
Hsa-Mir-598_pre	1	59	5	8	5.0	4.0	0.0847457627118644	-21.8
Hsa-Mir-599_pre	1	59	3	5	3.0	2.0	0.05084745762711865	-26.7
Hsa-Mir-605-v1_pre	1	57	4	7	4.0	3.0	0.07017543859649122	-29.1
Hsa-Mir-615_pre	1	64	7	7	7.0	6.0	0.109375	-34.7
Hsa-Mir-616_pre	1	62	3	8	3.0	2.0	0.04838709677419355	-34.3
Hsa-Mir-624_pre	1	58	4	4	4.0	3.0	0.06896551724137931	-27.7
Hsa-Mir-628_pre	1	61	5	10	5.0	4.0	0.08196721311475409	-22.9
Hsa-Mir-629_pre	1	61	3	4	3.0	2.0	0.04918032786885246	-41.0
Hsa-Mir-642_pre	1	57	1	9	1.0	0.0	0.017543859649122806	-38.8
Hsa-Mir-651_pre	1	60	5	12	5.0	4.0	0.08333333333333333	-21.7
Hsa-Mir-652_pre	1	62	5	5	5.0	4.0	0.08064516129032258	-32.0
Hsa-Mir-653_pre	1	57	5	13	5.0	4.0	0.08771929824561403	-19.2
Hsa-Mir-670_pre	1	64	6	7	6.0	5.0	0.09375	-23.5
Hsa-Mir-671_pre	1	60	5	7	5.0	4.0	0.08333333333333333	-33.4
Hsa-Mir-675_pre	1	57	6	10	6.0	5.0	0.10526315789473684	-29.1
Hsa-Mir-676_pre	1	57	7	12	7.0	6.0	0.12280701754385964	-22.9
Hsa-Mir-708_pre	1	69	9	7	9.0	8.0	0.13043478260869565	-23.0
Hsa-Mir-744_pre	1	78	7	11	7.0	6.0	0.08974358974358974	-27.0
Hsa-Mir-760_pre	1	58	6	9	6.0	5.0	0.10344827586206896	-29.0
Hsa-Mir-766_pre	1	58	7	9	7.0	6.0	0.1206896551724138	-19.0
Hsa-Mir-769_pre	1	61	8	8	8.0	7.0	0.13114754098360656	-26.4
Hsa-Mir-770_pre	1	62	4	6	4.0	3.0	0.06451612903225806	-37.7
Hsa-Mir-873-v1_pre	1	59	9	7	9.0	8.0	0.15254237288135594	-26.3
Hsa-Mir-874_pre	1	60	10	3	10.0	9.0	0.16666666666666666	-28.1
Hsa-Mir-875_pre	1	56	5	10	5.0	4.0	0.08928571428571429	-21.9
Hsa-Mir-876-v1_pre	1	59	6	9	6.0	5.0	0.1016949152542373	-22.1
Hsa-Mir-877_pre	1	86	10	7	10.0	9.0	0.11627906976744186	-39.8
Hsa-Mir-885_pre	1	54	3	6	3.0	2.0	0.05555555555555555	-33.7
Hsa-Mir-887_pre	1	65	5	9	5.0	4.0	0.07692307692307693	-27.6
Hsa-Mir-934_pre	1	57	5	11	5.0	4.0	0.08771929824561403	-28.6
Hsa-Mir-935-v1_pre	1	60	5	12	5.0	4.0	0.08333333333333333	-29.1
Hsa-Mir-944_pre	1	60	5	12	5.0	4.0	0.08333333333333333	-20.9
Hsa-Mir-1180_pre	1	56	8	4	8.0	7.0	0.14285714285714285	-29.1
Hsa-Mir-1247_pre	1	58	11	8	11.0	10.0	0.1896551724137931	-20.1
Hsa-Mir-1249_pre	1	59	7	8	7.0	6.0	0.11864406779661017	-28.2
Hsa-Mir-1251_pre	1	59	9	5	9.0	8.0	0.15254237288135594	-19.3
Hsa-Mir-1252_pre	1	59	5	7	5.0	4.0	0.0847457627118644	-18.8
Hsa-Mir-1264_pre	1	63	5	15	5.0	4.0	0.07936507936507936	-19.1
Hsa-Mir-1266_pre	1	58	3	5	3.0	2.0	0.05172413793103448	-42.6
Hsa-Mir-1269_pre	1	64	6	6	6.0	5.0	0.09375	-34.8
Hsa-Mir-1270_pre	1	59	4	8	4.0	3.0	0.06779661016949153	-22.8
Hsa-Mir-1271_pre	1	58	5	4	5.0	4.0	0.08620689655172414	-33.1
Hsa-Mir-1276_pre	1	60	5	9	5.0	4.0	0.08333333333333333	-19.8
Hsa-Mir-1277_pre	1	58	3	6	3.0	2.0	0.05172413793103448	-20.2
Hsa-Mir-1278_pre	1	61	4	5	4.0	3.0	0.06557377049180328	-32.9
Hsa-Mir-1286_pre	1	56	9	8	9.0	8.0	0.16071428571428573	-18.2
Hsa-Mir-1287_pre	1	61	9	8	9.0	8.0	0.14754098360655737	-22.3
Hsa-Mir-1294_pre	1	59	3	5	3.0	2.0	0.05084745762711865	-34.5
Hsa-Mir-1295_pre	1	61	7	9	7.0	6.0	0.11475409836065574	-34.4
Hsa-Mir-1296_pre	1	65	6	4	6.0	5.0	0.09230769230769231	-30.7
Hsa-Mir-1298_pre	1	76	6	8	6.0	5.0	0.07894736842105263	-31.4
Hsa-Mir-1301_pre	1	60	6	7	6.0	5.0	0.1	-29.1
Hsa-Mir-1306_pre	1	61	11	5	11.0	10.0	0.18032786885245902	-23.8
Hsa-Mir-1307_pre	1	62	10	6	10.0	9.0	0.16129032258064516	-24.1
Hsa-Mir-1343_pre	1	59	7	8	7.0	6.0	0.11864406779661017	-38.5
Hsa-Mir-1908_pre	1	58	7	5	7.0	6.0	0.1206896551724138	-31.6
Hsa-Mir-1910_pre	1	60	5	12	5.0	4.0	0.08333333333333333	-26.0
Hsa-Mir-1911_pre	1	59	8	4	8.0	7.0	0.13559322033898305	-25.0
Hsa-Mir-1912_pre	1	55	9	7	9.0	8.0	0.16363636363636364	-18.9
Hsa-Mir-1913_pre	1	59	7	4	7.0	6.0	0.11864406779661017	-32.1
Hsa-Mir-1914_pre	1	58	6	11	6.0	5.0	0.10344827586206896	-30.7
Hsa-Mir-2114_pre	1	59	7	10	7.0	6.0	0.11864406779661017	-24.2
Hsa-Mir-2115_pre	1	60	3	13	3.0	2.0	0.05	-26.1
Hsa-Mir-2116_pre	1	57	7	9	7.0	6.0	0.12280701754385964	-26.1
Hsa-Mir-2276_pre	1	60	6	5	6.0	5.0	0.1	-27.9
Hsa-Mir-2355_pre	1	67	6	9	6.0	5.0	0.08955223880597014	-24.3
Hsa-Mir-2467_pre	1	62	8	8	8.0	7.0	0.12903225806451613	-31.2
Hsa-Mir-3059_pre	1	58	7	6	7.0	6.0	0.1206896551724138	-22.0
Hsa-Mir-3085_pre	1	61	6	6	6.0	5.0	0.09836065573770492	-21.3
Hsa-Mir-3126_pre	1	58	5	12	5.0	4.0	0.08620689655172414	-22.2
Hsa-Mir-3127_pre	1	58	4	11	4.0	3.0	0.06896551724137931	-28.4
Hsa-Mir-3136_pre	1	62	4	6	4.0	3.0	0.06451612903225806	-32.9
Hsa-Mir-3138_pre	1	62	7	12	7.0	6.0	0.11290322580645161	-29.3
Hsa-Mir-3140_pre	1	69	6	10	6.0	5.0	0.08695652173913043	-28.7
Hsa-Mir-3144-v1_pre	1	59	7	11	7.0	6.0	0.11864406779661017	-19.7
Hsa-Mir-3145_pre	1	62	4	5	4.0	3.0	0.06451612903225806	-26.7
Hsa-Mir-3146_pre	1	63	4	3	4.0	3.0	0.06349206349206349	-27.9
Hsa-Mir-3173_pre	1	61	5	4	5.0	4.0	0.08196721311475409	-37.3
Hsa-Mir-3174_pre	1	70	6	12	6.0	5.0	0.08571428571428572	-24.6
Hsa-Mir-3180-P1_pre	1	66	9	4	9.0	8.0	0.13636363636363635	-39.9
Hsa-Mir-3180-P2_pre	1	66	9	4	9.0	8.0	0.13636363636363635	-39.9
Hsa-Mir-3180-P3_pre	1	66	9	4	9.0	8.0	0.13636363636363635	-39.9
Hsa-Mir-3187_pre	1	60	6	12	6.0	5.0	0.1	-29.8
Hsa-Mir-3194_pre	1	57	7	5	7.0	6.0	0.12280701754385964	-30.1
Hsa-Mir-3611_pre	1	61	2	13	2.0	1.0	0.03278688524590164	-21.8
Hsa-Mir-3613_pre	1	59	5	9	5.0	4.0	0.0847457627118644	-18.7
Hsa-Mir-3615_pre	1	57	8	8	8.0	7.0	0.14035087719298245	-33.4
Hsa-Mir-3617_pre	1	63	5	12	5.0	4.0	0.07936507936507936	-19.6
Hsa-Mir-3619_pre	1	54	6	5	6.0	5.0	0.1111111111111111	-34.1
Hsa-Mir-3622_pre	1	59	7	4	7.0	6.0	0.11864406779661017	-40.7
Hsa-Mir-3663_pre	1	60	4	4	4.0	3.0	0.06666666666666667	-39.2
Hsa-Mir-3690_pre	1	59	7	9	7.0	6.0	0.11864406779661017	-20.4
Hsa-Mir-3909_pre	1	62	3	17	3.0	2.0	0.04838709677419355	-32.0
Hsa-Mir-3924_pre	1	59	7	5	7.0	6.0	0.11864406779661017	-21.4
Hsa-Mir-3934_pre	1	61	10	6	10.0	9.0	0.16393442622950818	-24.5
Hsa-Mir-3942_pre	1	63	4	9	4.0	3.0	0.06349206349206349	-20.3
Hsa-Mir-3944_pre	1	63	4	6	4.0	3.0	0.06349206349206349	-32.5
Hsa-Mir-4424_pre	1	60	3	8	3.0	2.0	0.05	-29.1
Hsa-Mir-4524_pre	1	56	3	14	3.0	2.0	0.05357142857142857	-29.6
Hsa-Mir-4637_pre	1	76	9	4	9.0	8.0	0.11842105263157894	-27.1
Hsa-Mir-4661_pre	1	59	3	5	3.0	2.0	0.05084745762711865	-36.6
Hsa-Mir-4662_pre	1	59	5	3	5.0	4.0	0.0847457627118644	-28.5
Hsa-Mir-4664_pre	1	56	11	3	11.0	10.0	0.19642857142857142	-18.9
Hsa-Mir-4677_pre	1	59	6	8	6.0	5.0	0.1016949152542373	-24.5
Hsa-Mir-4731_pre	1	54	7	8	7.0	6.0	0.12962962962962962	-31.0
Hsa-Mir-4766_pre	1	56	3	8	3.0	2.0	0.05357142857142857	-26.4
Hsa-Mir-4798_pre	1	59	4	4	4.0	3.0	0.06779661016949153	-32.3
Hsa-Mir-5579_pre	1	58	2	6	2.0	1.0	0.034482758620689655	-30.2
Hsa-Mir-5581_pre	1	59	5	13	5.0	4.0	0.0847457627118644	-21.3
Hsa-Mir-5586_pre	1	60	5	6	5.0	4.0	0.08333333333333333	-28.0
Hsa-Mir-5687_pre	1	58	3	8	3.0	2.0	0.05172413793103448	-23.1
Hsa-Mir-6529_pre	1	61	6	7	6.0	5.0	0.09836065573770492	-20.5
Hsa-Mir-6715_pre	1	57	8	4	8.0	7.0	0.14035087719298245	-29.0
Hsa-Mir-7151_pre	1	60	5	10	5.0	4.0	0.08333333333333333	-24.7
Hsa-Mir-7706_pre	1	60	7	6	7.0	6.0	0.11666666666666667	-28.0
Hsa-Mir-7854_pre	1	61	7	4	7.0	6.0	0.11475409836065574	-22.6
Hsa-Mir-9851_pre	1	57	6	6	6.0	5.0	0.10526315789473684	-36.2
Hsa-Mir-12462-v1_pre	1	59	8	4	8.0	7.0	0.13559322033898305	-23.3
Hsa-Mir-12463_pre	1	59	3	9	3.0	2.0	0.05084745762711865	-38.3
ENST00000633602.1:150-217;mfe=-28.60	0	67	3	7	3.0	2.0	0.04477611940298507	-28.6
ENST00000424969.2:310-385;mfe=-29.70	0	75	3	7	3.0	2.0	0.04	-29.7
ENST00000622043.1:60-121;mfe=-31.10	0	61	2	6	2.0	1.0	0.03278688524590164	-31.1
ENST00000612783.1:140-201;mfe=-26.80	0	61	4	13	4.0	3.0	0.06557377049180328	-26.8
ENST00000611248.1:1320-1401;mfe=-33.50	0	81	2	6	2.0	1.0	0.024691358024691357	-33.5
ENST00000630325.2:15970-16031;mfe=-25.70	0	61	3	8	3.0	2.0	0.04918032786885246	-25.7
ENST00000625520.2:16020-16081;mfe=-28.10	0	61	3	8	3.0	2.0	0.04918032786885246	-28.1
ENST00000619273.4:1530-1599;mfe=-25.30	0	69	1	8	1.0	0.0	0.014492753623188406	-25.3
ENST00000617902.4:1930-1996;mfe=-25.70	0	66	3	4	3.0	2.0	0.045454545454545456	-25.7
ENST00000613653.4:1530-1616;mfe=-31.20	0	86	2	8	2.0	1.0	0.023255813953488372	-31.2
ENST00000610921.1:390-459;mfe=-38.00	0	69	3	12	3.0	2.0	0.043478260869565216	-38.0
ENST00000613888.4:1940-2002;mfe=-26.20	0	62	3	4	3.0	2.0	0.04838709677419355	-26.2
ENST00000615811.4:1510-1586;mfe=-29.90	0	76	4	9	4.0	3.0	0.05263157894736842	-29.9
ENST00000615811.4:1520-1608;mfe=-26.40	0	88	2	8	2.0	1.0	0.022727272727272728	-26.4
ENST00000612388.3:1570-1633;mfe=-27.80	0	63	3	6	3.0	2.0	0.047619047619047616	-27.8
ENST00000570509.4:1080-1154;mfe=-24.90	0	74	2	14	2.0	1.0	0.02702702702702703	-24.9
ENST00000615900.1:2030-2104;mfe=-25.30	0	74	1	8	1.0	0.0	0.013513513513513514	-25.3
ENST00000611878.4:4090-4159;mfe=-34.50	0	69	3	8	3.0	2.0	0.043478260869565216	-34.5
ENST00000627233.2:2020-2083;mfe=-29.30	0	63	3	11	3.0	2.0	0.047619047619047616	-29.3
ENST00000621584.1:2830-2893;mfe=-20.10	0	63	2	12	2.0	1.0	0.031746031746031744	-20.1
ENST00000632864.1:1640-1723;mfe=-29.70	0	83	3	8	3.0	2.0	0.03614457831325301	-29.7
ENST00000473721.1:150-210;mfe=-24.00	0	60	3	19	3.0	2.0	0.05	-24.0
ENST00000627112.2:340-404;mfe=-36.10	0	64	3	6	3.0	2.0	0.046875	-36.1
ENST00000619263.4:1540-1629;mfe=-30.40	0	89	2	8	2.0	1.0	0.02247191011235955	-30.4
ENST00000438335.5:100-166;mfe=-23.70	0	66	3	9	3.0	2.0	0.045454545454545456	-23.7
ENST00000417430.1:310-370;mfe=-36.00	0	60	2	6	2.0	1.0	0.03333333333333333	-36.0
ENST00000482931.5:450-515;mfe=-26.70	0	65	3	11	3.0	2.0	0.046153846153846156	-26.7
ENST00000433063.6:820-894;mfe=-29.10	0	74	4	11	4.0	3.0	0.05405405405405406	-29.1
ENST00000633563.1:130-194;mfe=-22.90	0	64	4	7	4.0	3.0	0.0625	-22.9
ENST00000480082.1:310-372;mfe=-22.20	0	62	3	11	3.0	2.0	0.04838709677419355	-22.2
ENST00000633060.1:1290-1359;mfe=-28.00	0	69	3	8	3.0	2.0	0.043478260869565216	-28.0
ENST00000627946.2:690-757;mfe=-21.80	0	67	4	13	4.0	3.0	0.05970149253731343	-21.8
ENST00000622524.4:1920-1991;mfe=-26.70	0	71	2	8	2.0	1.0	0.028169014084507043	-26.7
ENST00000498621.1:310-370;mfe=-22.20	0	60	3	11	3.0	2.0	0.05	-22.2
ENST00000634210.1:450-510;mfe=-30.30	0	60	3	7	3.0	2.0	0.05	-30.3
ENST00000474554.1:100-163;mfe=-29.70	0	63	3	4	3.0	2.0	0.047619047619047616	-29.7
ENST00000617261.4:1360-1421;mfe=-24.10	0	61	3	8	3.0	2.0	0.04918032786885246	-24.1
ENST00000633694.1:1600-1668;mfe=-24.90	0	68	2	6	2.0	1.0	0.029411764705882353	-24.9
ENST00000474724.5:520-588;mfe=-25.00	0	68	3	3	3.0	2.0	0.04411764705882353	-25.0
ENST00000494835.1:3260-3326;mfe=-33.30	0	66	3	8	3.0	2.0	0.045454545454545456	-33.3
ENST00000430737.6:4940-5005;mfe=-38.80	0	65	2	10	2.0	1.0	0.03076923076923077	-38.8
ENST00000498011.5:520-585;mfe=-25.00	0	65	3	3	3.0	2.0	0.046153846153846156	-25.0
ENST00000481200.1:600-666;mfe=-24.40	0	66	3	11	3.0	2.0	0.045454545454545456	-24.4
ENST00000632971.1:390-451;mfe=-21.50	0	61	4	5	4.0	3.0	0.06557377049180328	-21.5
ENST00000478374.5:460-522;mfe=-26.30	0	62	4	12	4.0	3.0	0.06451612903225806	-26.3
ENST00000441278.5:120-181;mfe=-23.40	0	61	3	9	3.0	2.0	0.04918032786885246	-23.4
ENST00000619292.4:490-552;mfe=-20.40	0	62	3	10	3.0	2.0	0.04838709677419355	-20.4
ENST00000631028.1:620-686;mfe=-32.60	0	66	2	7	2.0	1.0	0.030303030303030304	-32.6
ENST00000616708.4:2940-3014;mfe=-26.20	0	74	4	8	4.0	3.0	0.05405405405405406	-26.2
ENST00000527704.5:2710-2780;mfe=-31.80	0	70	3	8	3.0	2.0	0.04285714285714286	-31.8
ENST00000428505.1:310-380;mfe=-41.50	0	70	2	6	2.0	1.0	0.02857142857142857	-41.5
ENST00000462194.5:450-514;mfe=-26.70	0	64	3	11	3.0	2.0	0.046875	-26.7
ENST00000467455.1:1370-1432;mfe=-27.00	0	62	4	8	4.0	3.0	0.06451612903225806	-27.0
ENST00000550363.4:630-702;mfe=-36.40	0	72	4	5	4.0	3.0	0.05555555555555555	-36.4
ENST00000551758.5:4820-4882;mfe=-25.80	0	62	3	8	3.0	2.0	0.04838709677419355	-25.8
ENST00000629431.2:2280-2357;mfe=-29.90	0	77	3	8	3.0	2.0	0.03896103896103896	-29.9
ENST00000549885.2:260-323;mfe=-27.20	0	63	3	7	3.0	2.0	0.047619047619047616	-27.2
ENST00000452084.6:90-151;mfe=-21.10	0	61	4	6	4.0	3.0	0.06557377049180328	-21.1
ENST00000632046.1:120-183;mfe=-26.60	0	63	4	9	4.0	3.0	0.06349206349206349	-26.6
ENST00000432609.6:1700-1777;mfe=-28.50	0	77	3	13	3.0	2.0	0.03896103896103896	-28.5
ENST00000632947.1:40-102;mfe=-21.80	0	62	3	7	3.0	2.0	0.04838709677419355	-21.8
ENST00000615049.4:1460-1522;mfe=-39.40	0	62	4	10	4.0	3.0	0.06451612903225806	-39.4
ENST00000634124.1:760-824;mfe=-26.70	0	64	3	8	3.0	2.0	0.046875	-26.7
ENST00000613180.2:4710-4775;mfe=-31.10	0	65	3	4	3.0	2.0	0.046153846153846156	-31.1
ENST00000650336.1:3420-3489;mfe=-58.80	0	69	2	6	2.0	1.0	0.028985507246376812	-58.8
ENST00000463532.1:2190-2266;mfe=-32.10	0	76	3	6	3.0	2.0	0.039473684210526314	-32.1
ENST00000678949.1:6890-6965;mfe=-25.10	0	75	3	8	3.0	2.0	0.04	-25.1
ENST00000640896.1:1220-1280;mfe=-25.10	0	60	4	13	4.0	3.0	0.06666666666666667	-25.1
ENST00000545955.5:6230-6300;mfe=-20.00	0	70	3	6	3.0	2.0	0.04285714285714286	-20.0
ENST00000635328.1:1260-1321;mfe=-25.80	0	61	4	7	4.0	3.0	0.06557377049180328	-25.8
ENST00000634669.1:1710-1777;mfe=-31.90	0	67	3	7	3.0	2.0	0.04477611940298507	-31.9
ENST00000639604.1:40-109;mfe=-31.10	0	69	3	16	3.0	2.0	0.043478260869565216	-31.1
ENST00000673412.1:50-113;mfe=-28.40	0	63	4	13	4.0	3.0	0.06349206349206349	-28.4
ENST00000639647.1:880-961;mfe=-58.60	0	81	3	11	3.0	2.0	0.037037037037037035	-58.6
ENST00000639962.1:4250-4311;mfe=-21.90	0	61	4	7	4.0	3.0	0.06557377049180328	-21.9
ENST00000639616.1:160-233;mfe=-20.40	0	73	3	14	3.0	2.0	0.0410958904109589	-20.4
ENST00000624739.1:1310-1384;mfe=-24.00	0	74	3	8	3.0	2.0	0.04054054054054054	-24.0
ENST00000624739.1:2010-2083;mfe=-32.10	0	73	3	5	3.0	2.0	0.0410958904109589	-32.1
ENST00000493464.1:60-147;mfe=-20.90	0	87	3	20	3.0	2.0	0.034482758620689655	-20.9
ENST00000380615.8:3550-3648;mfe=-52.20	0	98	2	6	2.0	1.0	0.02040816326530612	-52.2
ENST00000644679.1:710-776;mfe=-31.80	0	66	2	16	2.0	1.0	0.030303030303030304	-31.8
ENST00000517777.6:990-1055;mfe=-29.00	0	65	3	5	3.0	2.0	0.046153846153846156	-29.0
ENST00000646479.1:2340-2402;mfe=-31.00	0	62	3	9	3.0	2.0	0.04838709677419355	-31.0
ENST00000646479.1:2910-2979;mfe=-21.60	0	69	4	8	4.0	3.0	0.057971014492753624	-21.6
ENST00000646030.2:2930-2993;mfe=-31.50	0	63	2	6	2.0	1.0	0.031746031746031744	-31.5
ENST00000643542.1:2880-2940;mfe=-20.80	0	60	4	6	4.0	3.0	0.06666666666666667	-20.8
ENST00000646257.1:90-151;mfe=-31.80	0	61	3	15	3.0	2.0	0.04918032786885246	-31.8
ENST00000381947.4:70-131;mfe=-23.10	0	61	4	7	4.0	3.0	0.06557377049180328	-23.1
ENST00000644829.1:6190-6280;mfe=-32.60	0	90	3	17	3.0	2.0	0.03333333333333333	-32.6
ENST00000645918.1:1100-1176;mfe=-24.00	0	76	3	14	3.0	2.0	0.039473684210526314	-24.0
ENST00000490903.5:2750-2810;mfe=-26.90	0	60	2	8	2.0	1.0	0.03333333333333333	-26.9
ENST00000672946.1:2580-2640;mfe=-21.50	0	60	3	6	3.0	2.0	0.05	-21.5
ENST00000672964.1:1600-1661;mfe=-24.90	0	61	2	6	2.0	1.0	0.03278688524590164	-24.9
ENST00000672694.1:490-551;mfe=-25.90	0	61	3	12	3.0	2.0	0.04918032786885246	-25.9
ENST00000611641.1:90-155;mfe=-35.10	0	65	3	4	3.0	2.0	0.046153846153846156	-35.1
ENST00000611641.1:190-251;mfe=-31.10	0	61	3	4	3.0	2.0	0.04918032786885246	-31.1
ENST00000648713.1:580-676;mfe=-54.50	0	96	3	4	3.0	2.0	0.03125	-54.5
ENST00000672288.1:50-114;mfe=-24.40	0	64	4	9	4.0	3.0	0.0625	-24.4
ENST00000475639.5:1950-2011;mfe=-26.50	0	61	3	5	3.0	2.0	0.04918032786885246	-26.5
ENST00000325089.7:15850-15935;mfe=-23.60	0	85	2	4	2.0	1.0	0.023529411764705882	-23.6
ENST00000325089.7:15860-15937;mfe=-23.00	0	77	2	4	2.0	1.0	0.025974025974025976	-23.0
ENST00000423045.2:640-739;mfe=-44.20	0	99	3	10	3.0	2.0	0.030303030303030304	-44.2
ENST00000479654.1:1560-1625;mfe=-20.00	0	65	3	8	3.0	2.0	0.046153846153846156	-20.0
ENST00000322527.4:17830-17902;mfe=-22.80	0	72	4	9	4.0	3.0	0.05555555555555555	-22.8
ENST00000291705.11:10-72;mfe=-24.60	0	62	4	7	4.0	3.0	0.06451612903225806	-24.6
ENST00000440086.5:570-630;mfe=-20.50	0	60	3	6	3.0	2.0	0.05	-20.5
ENST00000620021.4:3070-3134;mfe=-31.00	0	64	3	9	3.0	2.0	0.046875	-31.0
ENST00000585229.1:280-351;mfe=-21.30	0	71	3	9	3.0	2.0	0.04225352112676056	-21.3
ENST00000329517.11:5060-5120;mfe=-28.30	0	60	2	11	2.0	1.0	0.03333333333333333	-28.3
ENST00000592977.5:120-196;mfe=-22.60	0	76	4	8	4.0	3.0	0.05263157894736842	-22.6
ENST00000354336.8:3720-3787;mfe=-21.50	0	67	3	16	3.0	2.0	0.04477611940298507	-21.5
ENST00000462188.1:1510-1570;mfe=-22.80	0	60	3	10	3.0	2.0	0.05	-22.8
ENST00000612074.5:820-884;mfe=-21.50	0	64	2	11	2.0	1.0	0.03125	-21.5
ENST00000617531.4:5290-5350;mfe=-29.10	0	60	3	9	3.0	2.0	0.05	-29.1
ENST00000678254.1:4100-4192;mfe=-42.10	0	92	1	3	1.0	0.0	0.010869565217391304	-42.1
ENST00000217270.4:3680-3766;mfe=-30.00	0	86	3	28	3.0	2.0	0.03488372093023256	-30.0
ENST00000678059.1:3790-3859;mfe=-36.00	0	69	3	8	3.0	2.0	0.043478260869565216	-36.0
ENST00000360428.9:4600-4664;mfe=-20.60	0	64	4	12	4.0	3.0	0.0625	-20.6
ENST00000257197.7:510-571;mfe=-21.20	0	61	2	9	2.0	1.0	0.03278688524590164	-21.2
ENST00000261593.8:2060-2132;mfe=-20.10	0	72	2	6	2.0	1.0	0.027777777777777776	-20.1
ENST00000320982.3:370-432;mfe=-23.60	0	62	3	6	3.0	2.0	0.04838709677419355	-23.6
ENST00000318240.8:4900-4972;mfe=-25.50	0	72	3	3	3.0	2.0	0.041666666666666664	-25.5
ENST00000318240.8:4930-5018;mfe=-20.40	0	88	2	4	2.0	1.0	0.022727272727272728	-20.4
ENST00000497249.6:60-121;mfe=-27.50	0	61	2	6	2.0	1.0	0.03278688524590164	-27.5
ENST00000269466.8:1800-1866;mfe=-31.50	0	66	2	4	2.0	1.0	0.030303030303030304	-31.5
ENST00000342988.8:8260-8323;mfe=-21.10	0	63	3	16	3.0	2.0	0.047619047619047616	-21.1
ENST00000442544.7:490-550;mfe=-22.50	0	60	3	8	3.0	2.0	0.05	-22.5
ENST00000432185.5:1550-1611;mfe=-20.40	0	61	4	7	4.0	3.0	0.06557377049180328	-20.4
ENST00000492535.1:4420-4504;mfe=-40.70	0	84	3	6	3.0	2.0	0.03571428571428571	-40.7
ENST00000492535.1:4460-4536;mfe=-20.30	0	76	3	20	3.0	2.0	0.039473684210526314	-20.3
ENST00000403663.6:280-346;mfe=-21.10	0	66	4	10	4.0	3.0	0.06060606060606061	-21.1
ENST00000398179.3:2710-2782;mfe=-25.80	0	72	3	4	3.0	2.0	0.041666666666666664	-25.8
ENST00000402142.4:6870-6961;mfe=-23.60	0	91	2	20	2.0	1.0	0.02197802197802198	-23.6
ENST00000618742.3:100-160;mfe=-22.90	0	60	3	12	3.0	2.0	0.05	-22.9
ENST00000675622.1:1300-1368;mfe=-25.50	0	68	3	8	3.0	2.0	0.04411764705882353	-25.5
ENST00000616710.4:1410-1470;mfe=-20.30	0	60	3	17	3.0	2.0	0.05	-20.3
ENST00000652095.2:4040-4101;mfe=-23.80	0	61	3	6	3.0	2.0	0.04918032786885246	-23.8
ENST00000677635.1:790-851;mfe=-20.60	0	61	3	13	3.0	2.0	0.04918032786885246	-20.6
ENST00000372904.7:3590-3651;mfe=-23.30	0	61	3	13	3.0	2.0	0.04918032786885246	-23.3
ENST00000497421.1:320-387;mfe=-32.00	0	67	2	6	2.0	1.0	0.029850746268656716	-32.0
ENST00000327305.11:5840-5923;mfe=-26.90	0	83	2	6	2.0	1.0	0.024096385542168676	-26.9
ENST00000580243.3:740-800;mfe=-43.00	0	60	3	6	3.0	2.0	0.05	-43.0
ENST00000298684.9:1700-1770;mfe=-28.60	0	70	3	8	3.0	2.0	0.04285714285714286	-28.6
ENST00000299727.5:7000-7060;mfe=-34.50	0	60	1	4	1.0	0.0	0.016666666666666666	-34.5
ENST00000299727.5:7010-7091;mfe=-37.10	0	81	1	4	1.0	0.0	0.012345679012345678	-37.1
ENST00000214893.9:2430-2493;mfe=-20.40	0	63	2	7	2.0	1.0	0.031746031746031744	-20.4
ENST00000372568.4:40-108;mfe=-27.90	0	68	3	9	3.0	2.0	0.04411764705882353	-27.9
ENST00000651105.1:8230-8296;mfe=-20.60	0	66	3	4	3.0	2.0	0.045454545454545456	-20.6
ENST00000537002.5:7710-7780;mfe=-26.80	0	70	3	4	3.0	2.0	0.04285714285714286	-26.8
ENST00000468564.6:420-480;mfe=-29.30	0	60	2	4	2.0	1.0	0.03333333333333333	-29.3
ENST00000468376.2:2980-3057;mfe=-26.60	0	77	2	4	2.0	1.0	0.025974025974025976	-26.6
ENST00000380205.2:110-170;mfe=-26.30	0	60	3	8	3.0	2.0	0.05	-26.3
ENST00000641039.1:5580-5671;mfe=-41.80	0	91	3	7	3.0	2.0	0.03296703296703297	-41.8
ENST00000289921.8:3640-3704;mfe=-23.50	0	64	3	13	3.0	2.0	0.046875	-23.5
ENST00000480885.5:1990-2065;mfe=-29.30	0	75	3	8	3.0	2.0	0.04	-29.3
ENST00000399012.6:2420-2519;mfe=-46.10	0	99	2	4	2.0	1.0	0.020202020202020204	-46.1
ENST00000399012.6:2510-2587;mfe=-31.90	0	77	3	4	3.0	2.0	0.03896103896103896	-31.9
ENST00000381657.8:2450-2534;mfe=-37.40	0	84	1	4	1.0	0.0	0.011904761904761904	-37.4
ENST00000381657.8:2570-2630;mfe=-27.80	0	60	3	4	3.0	2.0	0.05	-27.8
ENST00000356766.11:3460-3521;mfe=-20.20	0	61	3	6	3.0	2.0	0.04918032786885246	-20.2
ENST00000674145.1:380-441;mfe=-33.80	0	61	4	10	4.0	3.0	0.06557377049180328	-33.8
ENST00000455600.1:3460-3522;mfe=-21.40	0	62	4	5	4.0	3.0	0.06451612903225806	-21.4
ENST00000381130.3:1030-1091;mfe=-27.60	0	61	3	6	3.0	2.0	0.04918032786885246	-27.6
ENST00000524077.5:360-424;mfe=-22.90	0	64	3	8	3.0	2.0	0.046875	-22.9
ENST00000251822.7:250-311;mfe=-33.90	0	61	3	9	3.0	2.0	0.04918032786885246	-33.9
ENST00000312283.12:650-714;mfe=-24.10	0	64	4	6	4.0	3.0	0.0625	-24.1
ENST00000538225.5:210-275;mfe=-34.80	0	65	4	6	4.0	3.0	0.06153846153846154	-34.8
ENST00000485922.2:120-182;mfe=-23.20	0	62	3	7	3.0	2.0	0.04838709677419355	-23.2
ENST00000648614.1:1500-1572;mfe=-28.50	0	72	4	8	4.0	3.0	0.05555555555555555	-28.5
ENST00000312087.10:2250-2325;mfe=-20.00	0	75	3	17	3.0	2.0	0.04	-20.0
ENST00000482415.6:960-1026;mfe=-24.80	0	66	3	7	3.0	2.0	0.045454545454545456	-24.8
ENST00000558589.5:170-232;mfe=-25.80	0	62	3	9	3.0	2.0	0.04838709677419355	-25.8
ENST00000297668.10:2090-2151;mfe=-31.60	0	61	3	6	3.0	2.0	0.04918032786885246	-31.6
ENST00000333756.4:2770-2831;mfe=-29.70	0	61	3	13	3.0	2.0	0.04918032786885246	-29.7
ENST00000615516.1:2400-2460;mfe=-28.10	0	60	3	11	3.0	2.0	0.05	-28.1
ENST00000424352.6:690-766;mfe=-36.10	0	76	1	8	1.0	0.0	0.013157894736842105	-36.1
ENST00000448854.1:420-488;mfe=-28.70	0	68	3	8	3.0	2.0	0.04411764705882353	-28.7
ENST00000443824.5:2260-2326;mfe=-22.10	0	66	3	10	3.0	2.0	0.045454545454545456	-22.1
ENST00000573440.1:2260-2349;mfe=-50.00	0	89	3	20	3.0	2.0	0.033707865168539325	-50.0
ENST00000377524.8:3350-3417;mfe=-35.70	0	67	3	6	3.0	2.0	0.04477611940298507	-35.7
ENST00000520161.5:530-593;mfe=-20.50	0	63	3	12	3.0	2.0	0.047619047619047616	-20.5
ENST00000513911.5:880-955;mfe=-25.60	0	75	2	4	2.0	1.0	0.02666666666666667	-25.6
ENST00000568689.5:440-504;mfe=-30.80	0	64	3	7	3.0	2.0	0.046875	-30.8
ENST00000467563.3:1510-1575;mfe=-24.90	0	65	4	8	4.0	3.0	0.06153846153846154	-24.9
ENST00000444232.3:30-92;mfe=-21.80	0	62	3	5	3.0	2.0	0.04838709677419355	-21.8
ENST00000304330.9:3500-3568;mfe=-31.80	0	68	3	5	3.0	2.0	0.04411764705882353	-31.8
ENST00000361255.7:6820-6893;mfe=-24.20	0	73	2	4	2.0	1.0	0.0273972602739726	-24.2
ENST00000361255.7:6830-6906;mfe=-25.00	0	76	3	4	3.0	2.0	0.039473684210526314	-25.0
ENST00000449912.6:6780-6866;mfe=-26.10	0	86	3	16	3.0	2.0	0.03488372093023256	-26.1
ENST00000457542.7:4670-4736;mfe=-21.40	0	66	3	11	3.0	2.0	0.045454545454545456	-21.4
ENST00000328439.6:5330-5400;mfe=-25.70	0	70	3	7	3.0	2.0	0.04285714285714286	-25.7
ENST00000376767.7:570-634;mfe=-27.00	0	64	3	15	3.0	2.0	0.046875	-27.0
ENST00000560132.1:170-230;mfe=-22.70	0	60	2	5	2.0	1.0	0.03333333333333333	-22.7
ENST00000397272.7:950-1010;mfe=-20.60	0	60	3	5	3.0	2.0	0.05	-20.6
ENST00000490273.5:1360-1423;mfe=-23.40	0	63	3	5	3.0	2.0	0.047619047619047616	-23.4
ENST00000297029.10:7010-7078;mfe=-20.10	0	68	1	4	1.0	0.0	0.014705882352941176	-20.1
ENST00000529359.5:870-930;mfe=-20.40	0	60	3	4	3.0	2.0	0.05	-20.4
ENST00000502501.1:260-321;mfe=-28.30	0	61	3	11	3.0	2.0	0.04918032786885246	-28.3
ENST00000673705.1:1570-1632;mfe=-31.20	0	62	4	13	4.0	3.0	0.06451612903225806	-31.2
ENST00000610761.2:1710-1773;mfe=-26.30	0	63	3	13	3.0	2.0	0.047619047619047616	-26.3
ENST00000564098.5:1890-1966;mfe=-41.90	0	76	3	5	3.0	2.0	0.039473684210526314	-41.9
ENST00000262041.6:590-654;mfe=-29.40	0	64	3	7	3.0	2.0	0.046875	-29.4
ENST00000621208.4:3230-3325;mfe=-59.30	0	95	4	10	4.0	3.0	0.042105263157894736	-59.3
ENST00000237380.12:5020-5113;mfe=-32.60	0	93	1	4	1.0	0.0	0.010752688172043012	-32.6
ENST00000237380.12:5030-5090;mfe=-21.40	0	60	1	4	1.0	0.0	0.016666666666666666	-21.4
ENST00000622093.4:40-105;mfe=-27.40	0	65	3	8	3.0	2.0	0.046153846153846156	-27.4
ENST00000428307.6:1890-1951;mfe=-22.30	0	61	2	12	2.0	1.0	0.03278688524590164	-22.3
ENST00000514485.5:30-90;mfe=-26.30	0	60	3	4	3.0	2.0	0.05	-26.3
ENST00000645591.1:1850-1928;mfe=-28.10	0	78	3	6	3.0	2.0	0.038461538461538464	-28.1
ENST00000530711.3:760-824;mfe=-21.20	0	64	3	12	3.0	2.0	0.046875	-21.2
ENST00000396158.6:3520-3585;mfe=-20.00	0	65	4	5	4.0	3.0	0.06153846153846154	-20.0
ENST00000469059.2:190-252;mfe=-29.30	0	62	2	8	2.0	1.0	0.03225806451612903	-29.3
ENST00000244769.8:6240-6304;mfe=-23.20	0	64	3	7	3.0	2.0	0.046875	-23.2
ENST00000677999.1:2180-2245;mfe=-23.90	0	65	2	5	2.0	1.0	0.03076923076923077	-23.9
ENST00000222644.10:5500-5587;mfe=-24.60	0	87	3	15	3.0	2.0	0.034482758620689655	-24.6
ENST00000643290.1:950-1011;mfe=-20.90	0	61	3	9	3.0	2.0	0.04918032786885246	-20.9
ENST00000262304.9:13910-13976;mfe=-32.10	0	66	4	11	4.0	3.0	0.06060606060606061	-32.1
ENST00000423118.5:5360-5422;mfe=-23.80	0	62	2	16	2.0	1.0	0.03225806451612903	-23.8
ENST00000403425.5:580-643;mfe=-32.60	0	63	3	5	3.0	2.0	0.047619047619047616	-32.6
ENST00000426524.6:1330-1391;mfe=-22.10	0	61	3	8	3.0	2.0	0.04918032786885246	-22.1
ENST00000395808.7:3260-3323;mfe=-24.60	0	63	3	5	3.0	2.0	0.047619047619047616	-24.6
ENST00000650436.1:90-152;mfe=-32.60	0	62	3	6	3.0	2.0	0.04838709677419355	-32.6
ENST00000266383.10:3460-3522;mfe=-41.90	0	62	4	4	4.0	3.0	0.06451612903225806	-41.9
ENST00000647602.1:4950-5010;mfe=-23.00	0	60	3	8	3.0	2.0	0.05	-23.0
ENST00000520655.5:130-203;mfe=-24.20	0	73	3	14	3.0	2.0	0.0410958904109589	-24.2
ENST00000569796.1:30-90;mfe=-20.50	0	60	3	6	3.0	2.0	0.05	-20.5
ENST00000530997.7:840-901;mfe=-20.50	0	61	3	7	3.0	2.0	0.04918032786885246	-20.5
ENST00000590214.5:2810-2878;mfe=-37.60	0	68	4	10	4.0	3.0	0.058823529411764705	-37.6
ENST00000398000.7:1690-1754;mfe=-20.60	0	64	3	7	3.0	2.0	0.046875	-20.6
ENST00000522178.1:10-102;mfe=-24.40	0	92	2	8	2.0	1.0	0.021739130434782608	-24.4
ENST00000535378.5:5850-5913;mfe=-20.20	0	63	2	3	2.0	1.0	0.031746031746031744	-20.2
ENST00000537886.5:5570-5630;mfe=-22.00	0	60	3	9	3.0	2.0	0.05	-22.0
ENST00000396352.8:280-352;mfe=-27.10	0	72	4	13	4.0	3.0	0.05555555555555555	-27.1
ENST00000302609.8:3230-3291;mfe=-20.20	0	61	2	9	2.0	1.0	0.03278688524590164	-20.2
ENST00000556137.5:20-84;mfe=-21.20	0	64	3	10	3.0	2.0	0.046875	-21.2
ENST00000413636.6:1210-1278;mfe=-23.40	0	68	3	8	3.0	2.0	0.04411764705882353	-23.4
ENST00000565537.1:320-382;mfe=-39.50	0	62	4	7	4.0	3.0	0.06451612903225806	-39.5
ENST00000361837.9:1430-1498;mfe=-25.90	0	68	3	7	3.0	2.0	0.04411764705882353	-25.9
ENST00000591806.6:3760-3827;mfe=-44.90	0	67	3	4	3.0	2.0	0.04477611940298507	-44.9
ENST00000645050.1:2350-2413;mfe=-20.40	0	63	4	12	4.0	3.0	0.06349206349206349	-20.4
ENST00000480911.6:130-191;mfe=-30.90	0	61	4	15	4.0	3.0	0.06557377049180328	-30.9
ENST00000558489.1:210-274;mfe=-27.00	0	64	3	4	3.0	2.0	0.046875	-27.0
ENST00000367574.8:430-490;mfe=-22.10	0	60	3	17	3.0	2.0	0.05	-22.1
ENST00000588671.2:280-352;mfe=-30.10	0	72	3	14	3.0	2.0	0.041666666666666664	-30.1
ENST00000614107.4:1850-1910;mfe=-22.90	0	60	3	3	3.0	2.0	0.05	-22.9
ENST00000244623.1:420-498;mfe=-28.40	0	78	3	14	3.0	2.0	0.038461538461538464	-28.4
ENST00000445167.7:720-781;mfe=-23.00	0	61	3	8	3.0	2.0	0.04918032786885246	-23.0
ENST00000504445.1:1910-1971;mfe=-21.60	0	61	4	3	4.0	3.0	0.06557377049180328	-21.6
ENST00000524745.2:400-467;mfe=-26.80	0	67	3	5	3.0	2.0	0.04477611940298507	-26.8
ENST00000543825.1:500-567;mfe=-21.00	0	67	3	13	3.0	2.0	0.04477611940298507	-21.0
ENST00000459755.1:140-222;mfe=-23.10	0	82	2	3	2.0	1.0	0.024390243902439025	-23.1
ENST00000589223.5:220-283;mfe=-21.40	0	63	3	5	3.0	2.0	0.047619047619047616	-21.4
ENST00000358883.8:90-153;mfe=-26.90	0	63	3	8	3.0	2.0	0.047619047619047616	-26.9
ENST00000621441.5:9460-9525;mfe=-29.00	0	65	3	4	3.0	2.0	0.046153846153846156	-29.0
ENST00000621441.5:9500-9565;mfe=-34.20	0	65	3	6	3.0	2.0	0.046153846153846156	-34.2
ENST00000621441.5:9520-9588;mfe=-29.90	0	68	1	4	1.0	0.0	0.014705882352941176	-29.9
ENST00000619416.4:6210-6274;mfe=-20.50	0	64	3	4	3.0	2.0	0.046875	-20.5
ENST00000652326.2:6540-6603;mfe=-23.40	0	63	3	4	3.0	2.0	0.047619047619047616	-23.4
ENST00000571903.5:490-555;mfe=-30.30	0	65	3	12	3.0	2.0	0.046153846153846156	-30.3
ENST00000288466.11:2840-2901;mfe=-27.00	0	61	3	7	3.0	2.0	0.04918032786885246	-27.0
ENST00000514133.1:180-240;mfe=-21.80	0	60	3	16	3.0	2.0	0.05	-21.8
ENST00000534964.6:280-351;mfe=-26.70	0	71	2	4	2.0	1.0	0.028169014084507043	-26.7
ENST00000304936.4:330-391;mfe=-22.50	0	61	3	14	3.0	2.0	0.04918032786885246	-22.5
ENST00000575752.5:400-483;mfe=-28.80	0	83	4	19	4.0	3.0	0.04819277108433735	-28.8
ENST00000575752.5:430-496;mfe=-24.90	0	66	2	7	2.0	1.0	0.030303030303030304	-24.9
ENST00000396328.5:6140-6233;mfe=-45.40	0	93	2	4	2.0	1.0	0.021505376344086023	-45.4
ENST00000396328.5:6150-6225;mfe=-35.20	0	75	3	5	3.0	2.0	0.04	-35.2
ENST00000541430.6:2900-2964;mfe=-25.10	0	64	3	6	3.0	2.0	0.046875	-25.1
ENST00000509613.1:1550-1637;mfe=-20.90	0	87	3	14	3.0	2.0	0.034482758620689655	-20.9
ENST00000537233.6:3210-3282;mfe=-28.50	0	72	3	5	3.0	2.0	0.041666666666666664	-28.5
ENST00000603385.2:1120-1183;mfe=-21.30	0	63	3	6	3.0	2.0	0.047619047619047616	-21.3
ENST00000358025.7:3600-3663;mfe=-20.50	0	63	2	5	2.0	1.0	0.031746031746031744	-20.5
ENST00000674144.1:3910-3970;mfe=-20.50	0	60	2	5	2.0	1.0	0.03333333333333333	-20.5
ENST00000642900.1:2630-2698;mfe=-35.30	0	68	1	4	1.0	0.0	0.014705882352941176	-35.3
ENST00000376406.8:1820-1884;mfe=-22.40	0	64	3	8	3.0	2.0	0.046875	-22.4
ENST00000322213.9:2130-2190;mfe=-28.20	0	60	3	6	3.0	2.0	0.05	-28.2
ENST00000357988.9:4130-4195;mfe=-23.30	0	65	3	16	3.0	2.0	0.046153846153846156	-23.3
ENST00000375180.7:4360-4450;mfe=-39.50	0	90	1	4	1.0	0.0	0.011111111111111112	-39.5
ENST00000344641.8:2600-2661;mfe=-22.70	0	61	3	4	3.0	2.0	0.04918032786885246	-22.7
ENST00000621700.1:140-200;mfe=-26.30	0	60	3	7	3.0	2.0	0.05	-26.3
ENST00000652503.1:300-361;mfe=-23.80	0	61	3	11	3.0	2.0	0.04918032786885246	-23.8
ENST00000588887.5:450-515;mfe=-21.90	0	65	2	4	2.0	1.0	0.03076923076923077	-21.9
ENST00000588887.5:470-551;mfe=-32.90	0	81	1	8	1.0	0.0	0.012345679012345678	-32.9
ENST00000588887.5:480-566;mfe=-32.00	0	86	2	4	2.0	1.0	0.023255813953488372	-32.0
ENST00000590350.3:600-680;mfe=-28.60	0	80	2	6	2.0	1.0	0.025	-28.6
ENST00000590350.3:620-688;mfe=-21.70	0	68	2	4	2.0	1.0	0.029411764705882353	-21.7
ENST00000586020.1:640-700;mfe=-22.50	0	60	2	4	2.0	1.0	0.03333333333333333	-22.5
ENST00000586020.1:680-762;mfe=-31.50	0	82	3	4	3.0	2.0	0.036585365853658534	-31.5
ENST00000586020.1:690-779;mfe=-35.80	0	89	3	4	3.0	2.0	0.033707865168539325	-35.8
ENST00000586020.1:720-789;mfe=-20.50	0	69	1	4	1.0	0.0	0.014492753623188406	-20.5
ENST00000324682.5:510-580;mfe=-20.40	0	70	4	19	4.0	3.0	0.05714285714285714	-20.4
ENST00000373647.9:3680-3758;mfe=-20.10	0	78	1	4	1.0	0.0	0.01282051282051282	-20.1
ENST00000646728.1:1470-1533;mfe=-23.80	0	63	3	15	3.0	2.0	0.047619047619047616	-23.8
ENST00000356291.3:1600-1664;mfe=-20.00	0	64	3	6	3.0	2.0	0.046875	-20.0
ENST00000361320.5:4530-4604;mfe=-20.80	0	74	3	13	3.0	2.0	0.04054054054054054	-20.8
ENST00000251566.9:2040-2134;mfe=-29.30	0	94	3	25	3.0	2.0	0.031914893617021274	-29.3
ENST00000536461.5:4550-4612;mfe=-20.00	0	62	4	12	4.0	3.0	0.06451612903225806	-20.0
ENST00000639092.1:3960-4023;mfe=-24.10	0	63	4	9	4.0	3.0	0.06349206349206349	-24.1
ENST00000557237.1:200-261;mfe=-36.50	0	61	3	5	3.0	2.0	0.04918032786885246	-36.5
ENST00000509633.1:4510-4572;mfe=-22.80	0	62	2	5	2.0	1.0	0.03225806451612903	-22.8
ENST00000471408.5:1430-1490;mfe=-22.50	0	60	4	8	4.0	3.0	0.06666666666666667	-22.5
ENST00000523864.5:4570-4632;mfe=-23.40	0	62	1	4	1.0	0.0	0.016129032258064516	-23.4
ENST00000374597.3:4540-4609;mfe=-23.60	0	69	2	4	2.0	1.0	0.028985507246376812	-23.6
ENST00000556847.5:240-302;mfe=-20.50	0	62	3	6	3.0	2.0	0.04838709677419355	-20.5
ENST00000538649.5:500-565;mfe=-24.00	0	65	3	17	3.0	2.0	0.046153846153846156	-24.0
ENST00000651577.1:1700-1784;mfe=-22.20	0	84	3	8	3.0	2.0	0.03571428571428571	-22.2
ENST00000651577.1:1730-1824;mfe=-25.60	0	94	3	21	3.0	2.0	0.031914893617021274	-25.6
ENST00000574691.1:60-120;mfe=-22.40	0	60	2	9	2.0	1.0	0.03333333333333333	-22.4
ENST00000343574.9:2720-2787;mfe=-20.70	0	67	3	6	3.0	2.0	0.04477611940298507	-20.7
ENST00000484566.5:650-718;mfe=-22.80	0	68	3	12	3.0	2.0	0.04411764705882353	-22.8
ENST00000678214.1:90-154;mfe=-22.30	0	64	3	14	3.0	2.0	0.046875	-22.3
ENST00000643338.1:1180-1247;mfe=-23.90	0	67	3	8	3.0	2.0	0.04477611940298507	-23.9
ENST00000644088.1:1790-1854;mfe=-24.50	0	64	3	8	3.0	2.0	0.046875	-24.5
ENST00000373069.9:2870-2935;mfe=-24.90	0	65	3	10	3.0	2.0	0.046153846153846156	-24.9
ENST00000204549.9:2030-2093;mfe=-22.30	0	63	2	7	2.0	1.0	0.031746031746031744	-22.3
ENST00000542868.1:330-393;mfe=-28.60	0	63	4	10	4.0	3.0	0.06349206349206349	-28.6
ENST00000500337.6:190-252;mfe=-21.20	0	62	3	6	3.0	2.0	0.04838709677419355	-21.2
ENST00000555445.5:40-101;mfe=-21.80	0	61	4	13	4.0	3.0	0.06557377049180328	-21.8
ENST00000506893.1:270-339;mfe=-21.10	0	69	2	6	2.0	1.0	0.028985507246376812	-21.1
ENST00000612033.1:570-635;mfe=-20.40	0	65	1	4	1.0	0.0	0.015384615384615385	-20.4
ENST00000642681.2:6320-6386;mfe=-33.20	0	66	1	4	1.0	0.0	0.015151515151515152	-33.2
ENST00000537360.5:1670-1731;mfe=-20.70	0	61	4	3	4.0	3.0	0.06557377049180328	-20.7
ENST00000331148.5:1690-1759;mfe=-28.70	0	69	3	14	3.0	2.0	0.043478260869565216	-28.7
ENST00000478415.1:560-620;mfe=-21.90	0	60	3	4	3.0	2.0	0.05	-21.9
ENST00000622540.4:1200-1294;mfe=-30.40	0	94	3	10	3.0	2.0	0.031914893617021274	-30.4
ENST00000622540.4:1230-1296;mfe=-20.80	0	66	3	6	3.0	2.0	0.045454545454545456	-20.8
ENST00000622540.4:1270-1337;mfe=-25.10	0	67	1	6	1.0	0.0	0.014925373134328358	-25.1
ENST00000613473.1:1230-1295;mfe=-23.90	0	65	1	6	1.0	0.0	0.015384615384615385	-23.9
ENST00000470637.1:740-802;mfe=-25.00	0	62	3	8	3.0	2.0	0.04838709677419355	-25.0
ENST00000595046.1:590-655;mfe=-20.10	0	65	3	11	3.0	2.0	0.046153846153846156	-20.1
ENST00000270328.8:980-1051;mfe=-25.00	0	71	2	6	2.0	1.0	0.028169014084507043	-25.0
ENST00000555009.5:1120-1180;mfe=-36.60	0	60	2	10	2.0	1.0	0.03333333333333333	-36.6
ENST00000489407.1:40-111;mfe=-36.20	0	71	3	6	3.0	2.0	0.04225352112676056	-36.2
ENST00000470745.5:0-63;mfe=-35.00	0	63	3	7	3.0	2.0	0.047619047619047616	-35.0
ENST00000395276.6:4370-4438;mfe=-21.60	0	68	3	11	3.0	2.0	0.04411764705882353	-21.6
ENST00000475908.5:0-63;mfe=-28.90	0	63	2	14	2.0	1.0	0.031746031746031744	-28.9
ENST00000453372.7:3990-4074;mfe=-34.20	0	84	3	9	3.0	2.0	0.03571428571428571	-34.2
ENST00000453372.7:4020-4100;mfe=-29.30	0	80	3	16	3.0	2.0	0.0375	-29.3
ENST00000554237.1:1010-1073;mfe=-23.20	0	63	3	7	3.0	2.0	0.047619047619047616	-23.2
ENST00000453358.5:50-112;mfe=-23.20	0	62	3	9	3.0	2.0	0.04838709677419355	-23.2
ENST00000591239.1:150-211;mfe=-24.20	0	61	3	6	3.0	2.0	0.04918032786885246	-24.2
ENST00000452340.7:2840-2900;mfe=-23.60	0	60	3	10	3.0	2.0	0.05	-23.6
ENST00000482347.1:920-980;mfe=-23.00	0	60	3	9	3.0	2.0	0.05	-23.0
ENST00000458204.5:1320-1381;mfe=-26.50	0	61	3	11	3.0	2.0	0.04918032786885246	-26.5
ENST00000535576.5:40-113;mfe=-48.30	0	73	3	15	3.0	2.0	0.0410958904109589	-48.3
ENST00000430138.6:1230-1291;mfe=-20.80	0	61	3	5	3.0	2.0	0.04918032786885246	-20.8
ENST00000309469.9:1560-1621;mfe=-20.30	0	61	2	11	2.0	1.0	0.03278688524590164	-20.3
ENST00000396373.9:4560-4623;mfe=-20.00	0	63	1	4	1.0	0.0	0.015873015873015872	-20.0
ENST00000590806.5:5020-5083;mfe=-22.20	0	63	4	8	4.0	3.0	0.06349206349206349	-22.2
ENST00000256951.10:1980-2042;mfe=-21.70	0	62	3	6	3.0	2.0	0.04838709677419355	-21.7
ENST00000521381.6:6460-6545;mfe=-26.30	0	85	3	10	3.0	2.0	0.03529411764705882	-26.3
ENST00000521381.6:6490-6570;mfe=-26.90	0	80	2	4	2.0	1.0	0.025	-26.9
ENST00000521381.6:6550-6631;mfe=-38.40	0	81	1	6	1.0	0.0	0.012345679012345678	-38.4
ENST00000521381.6:6560-6621;mfe=-26.50	0	61	1	6	1.0	0.0	0.01639344262295082	-26.5
ENST00000521381.6:6590-6666;mfe=-35.70	0	76	1	4	1.0	0.0	0.013157894736842105	-35.7
ENST00000591595.5:320-384;mfe=-33.50	0	64	3	7	3.0	2.0	0.046875	-33.5
ENST00000674261.1:5520-5585;mfe=-22.00	0	65	3	7	3.0	2.0	0.046153846153846156	-22.0
ENST00000674220.1:1650-1718;mfe=-21.50	0	68	3	18	3.0	2.0	0.04411764705882353	-21.5
ENST00000507354.5:90-156;mfe=-22.30	0	66	3	20	3.0	2.0	0.045454545454545456	-22.3
ENST00000555855.5:170-236;mfe=-20.70	0	66	4	12	4.0	3.0	0.06060606060606061	-20.7
ENST00000466978.1:460-521;mfe=-21.90	0	61	2	8	2.0	1.0	0.03278688524590164	-21.9
ENST00000507927.5:0-60;mfe=-28.80	0	60	3	8	3.0	2.0	0.05	-28.8
ENST00000570296.1:420-480;mfe=-20.40	0	60	3	8	3.0	2.0	0.05	-20.4
ENST00000469972.5:3830-3929;mfe=-32.80	0	99	2	6	2.0	1.0	0.020202020202020204	-32.8
ENST00000646630.1:5370-5430;mfe=-28.20	0	60	3	6	3.0	2.0	0.05	-28.2
ENST00000439466.3:210-273;mfe=-20.10	0	63	3	15	3.0	2.0	0.047619047619047616	-20.1
ENST00000568207.5:730-791;mfe=-24.00	0	61	3	18	3.0	2.0	0.04918032786885246	-24.0
ENST00000589427.1:220-286;mfe=-35.90	0	66	3	16	3.0	2.0	0.045454545454545456	-35.9
ENST00000589427.1:230-290;mfe=-29.80	0	60	3	16	3.0	2.0	0.05	-29.8
ENST00000393287.9:5050-5122;mfe=-20.80	0	72	1	4	1.0	0.0	0.013888888888888888	-20.8
ENST00000530404.5:410-475;mfe=-22.20	0	65	3	14	3.0	2.0	0.046153846153846156	-22.2
ENST00000460436.6:1760-1821;mfe=-21.80	0	61	3	4	3.0	2.0	0.04918032786885246	-21.8
ENST00000528154.1:180-241;mfe=-31.10	0	61	2	12	2.0	1.0	0.03278688524590164	-31.1
ENST00000529427.1:190-256;mfe=-35.10	0	66	2	7	2.0	1.0	0.030303030303030304	-35.1
ENST00000370922.5:1500-1563;mfe=-24.90	0	63	3	5	3.0	2.0	0.047619047619047616	-24.9
ENST00000346162.10:240-301;mfe=-39.60	0	61	3	5	3.0	2.0	0.04918032786885246	-39.6
ENST00000431285.5:740-815;mfe=-36.60	0	75	3	14	3.0	2.0	0.04	-36.6
ENST00000670063.1:1070-1130;mfe=-27.10	0	60	2	14	2.0	1.0	0.03333333333333333	-27.1
ENST00000308874.12:1580-1645;mfe=-26.50	0	65	4	18	4.0	3.0	0.06153846153846154	-26.5
ENST00000494294.5:1670-1732;mfe=-20.50	0	62	4	5	4.0	3.0	0.06451612903225806	-20.5
ENST00000406721.7:440-504;mfe=-22.20	0	64	2	6	2.0	1.0	0.03125	-22.2
ENST00000560807.5:460-523;mfe=-21.10	0	63	3	8	3.0	2.0	0.047619047619047616	-21.1
ENST00000468243.5:200-268;mfe=-21.40	0	68	2	5	2.0	1.0	0.029411764705882353	-21.4
ENST00000499666.7:2650-2715;mfe=-22.50	0	65	4	9	4.0	3.0	0.06153846153846154	-22.5
ENST00000297848.8:7140-7205;mfe=-23.90	0	65	2	5	2.0	1.0	0.03076923076923077	-23.9
ENST00000381514.7:40-112;mfe=-30.60	0	72	3	9	3.0	2.0	0.041666666666666664	-30.6
ENST00000416167.7:3460-3529;mfe=-34.60	0	69	3	12	3.0	2.0	0.043478260869565216	-34.6
ENST00000461111.1:660-731;mfe=-27.30	0	71	2	6	2.0	1.0	0.028169014084507043	-27.3
ENST00000591843.1:40-111;mfe=-35.10	0	71	3	7	3.0	2.0	0.04225352112676056	-35.1
ENST00000359534.4:2950-3014;mfe=-31.30	0	64	2	7	2.0	1.0	0.03125	-31.3
ENST00000218099.7:2240-2302;mfe=-34.30	0	62	3	8	3.0	2.0	0.04838709677419355	-34.3
ENST00000590205.2:2400-2469;mfe=-28.70	0	69	2	12	2.0	1.0	0.028985507246376812	-28.7
ENST00000596188.2:4470-4559;mfe=-34.00	0	89	2	9	2.0	1.0	0.02247191011235955	-34.0
ENST00000478344.6:280-340;mfe=-20.10	0	60	3	6	3.0	2.0	0.05	-20.1
ENST00000394283.5:930-999;mfe=-27.40	0	69	3	10	3.0	2.0	0.043478260869565216	-27.4
ENST00000458452.7:750-830;mfe=-33.40	0	80	3	22	3.0	2.0	0.0375	-33.4
ENST00000360121.4:4360-4430;mfe=-36.00	0	70	2	6	2.0	1.0	0.02857142857142857	-36.0
ENST00000652691.1:4270-4368;mfe=-46.80	0	98	1	8	1.0	0.0	0.01020408163265306	-46.8
ENST00000370460.7:12660-12724;mfe=-26.50	0	64	2	8	2.0	1.0	0.03125	-26.5
ENST00000371421.9:1430-1495;mfe=-27.20	0	65	3	17	3.0	2.0	0.046153846153846156	-27.2
ENST00000514208.5:310-371;mfe=-20.60	0	61	3	9	3.0	2.0	0.04918032786885246	-20.6
ENST00000595065.5:350-411;mfe=-38.40	0	61	3	8	3.0	2.0	0.04918032786885246	-38.4
ENST00000593349.5:440-505;mfe=-29.80	0	65	3	13	3.0	2.0	0.046153846153846156	-29.8
ENST00000372899.6:6270-6354;mfe=-25.40	0	84	4	16	4.0	3.0	0.047619047619047616	-25.4
ENST00000338682.8:2780-2865;mfe=-20.90	0	85	4	21	4.0	3.0	0.047058823529411764	-20.9
ENST00000397077.6:3410-3479;mfe=-28.80	0	69	2	8	2.0	1.0	0.028985507246376812	-28.8
ENST00000460129.5:3440-3509;mfe=-27.20	0	69	3	8	3.0	2.0	0.043478260869565216	-27.2
ENST00000267615.11:3460-3522;mfe=-24.70	0	62	4	6	4.0	3.0	0.06451612903225806	-24.7
ENST00000230402.10:2100-2160;mfe=-25.50	0	60	2	5	2.0	1.0	0.03333333333333333	-25.5
ENST00000485511.6:2110-2170;mfe=-27.70	0	60	3	7	3.0	2.0	0.05	-27.7
ENST00000437787.6:1950-2015;mfe=-37.80	0	65	3	4	3.0	2.0	0.046153846153846156	-37.8
ENST00000557000.2:160-222;mfe=-27.60	0	62	2	13	2.0	1.0	0.03225806451612903	-27.6
ENST00000642515.1:1590-1650;mfe=-25.00	0	60	3	14	3.0	2.0	0.05	-25.0
ENST00000614648.1:260-320;mfe=-28.10	0	60	2	7	2.0	1.0	0.03333333333333333	-28.1
ENST00000508453.1:790-854;mfe=-20.30	0	64	3	17	3.0	2.0	0.046875	-20.3
ENST00000261994.9:3240-3309;mfe=-47.90	0	69	3	5	3.0	2.0	0.043478260869565216	-47.9
ENST00000553780.5:1980-2040;mfe=-21.60	0	60	2	8	2.0	1.0	0.03333333333333333	-21.6
ENST00000370186.5:3090-3154;mfe=-26.00	0	64	2	5	2.0	1.0	0.03125	-26.0
ENST00000308742.9:1920-1989;mfe=-27.50	0	69	2	4	2.0	1.0	0.028985507246376812	-27.5
ENST00000512731.5:120-181;mfe=-31.20	0	61	2	6	2.0	1.0	0.03278688524590164	-31.2
ENST00000370092.7:1400-1465;mfe=-26.30	0	65	2	16	2.0	1.0	0.03076923076923077	-26.3
ENST00000544474.5:2310-2380;mfe=-37.10	0	70	3	8	3.0	2.0	0.04285714285714286	-37.1
ENST00000256678.12:1430-1491;mfe=-26.40	0	61	3	8	3.0	2.0	0.04918032786885246	-26.4
ENST00000357195.8:4430-4504;mfe=-32.20	0	74	4	9	4.0	3.0	0.05405405405405406	-32.2
ENST00000672240.1:8670-8743;mfe=-22.60	0	73	3	4	3.0	2.0	0.0410958904109589	-22.6
ENST00000673240.1:320-382;mfe=-28.30	0	62	4	6	4.0	3.0	0.06451612903225806	-28.3
ENST00000480614.1:2110-2174;mfe=-21.60	0	64	3	11	3.0	2.0	0.046875	-21.6
ENST00000641930.1:2000-2061;mfe=-22.80	0	61	2	7	2.0	1.0	0.03278688524590164	-22.8
ENST00000356166.11:920-983;mfe=-30.90	0	63	3	7	3.0	2.0	0.047619047619047616	-30.9
ENST00000262518.9:7210-7272;mfe=-27.00	0	62	2	15	2.0	1.0	0.03225806451612903	-27.0
ENST00000595330.1:400-466;mfe=-21.90	0	66	3	9	3.0	2.0	0.045454545454545456	-21.9
ENST00000471231.6:3560-3621;mfe=-29.50	0	61	4	10	4.0	3.0	0.06557377049180328	-29.5
ENST00000652354.1:950-1010;mfe=-21.20	0	60	3	5	3.0	2.0	0.05	-21.2
ENST00000381150.5:1600-1661;mfe=-26.20	0	61	3	7	3.0	2.0	0.04918032786885246	-26.2
ENST00000254579.11:1150-1211;mfe=-26.50	0	61	2	10	2.0	1.0	0.03278688524590164	-26.5
ENST00000552197.5:250-310;mfe=-21.30	0	60	3	8	3.0	2.0	0.05	-21.3
ENST00000562918.5:880-971;mfe=-50.90	0	91	2	4	2.0	1.0	0.02197802197802198	-50.9
ENST00000248041.12:2500-2574;mfe=-23.30	0	74	3	17	3.0	2.0	0.04054054054054054	-23.3
ENST00000590180.3:1490-1550;mfe=-27.40	0	60	3	8	3.0	2.0	0.05	-27.4
ENST00000647037.1:2010-2076;mfe=-26.60	0	66	3	8	3.0	2.0	0.045454545454545456	-26.6
ENST00000605797.1:270-330;mfe=-28.70	0	60	4	14	4.0	3.0	0.06666666666666667	-28.7
ENST00000459625.5:1810-1873;mfe=-25.20	0	63	3	10	3.0	2.0	0.047619047619047616	-25.2
ENST00000496301.6:420-490;mfe=-29.10	0	70	3	9	3.0	2.0	0.04285714285714286	-29.1
ENST00000372141.7:3050-3115;mfe=-28.40	0	65	4	7	4.0	3.0	0.06153846153846154	-28.4
ENST00000641238.1:850-928;mfe=-32.80	0	78	3	7	3.0	2.0	0.038461538461538464	-32.8
ENST00000642108.1:890-958;mfe=-25.40	0	68	2	5	2.0	1.0	0.029411764705882353	-25.4
ENST00000378191.5:3040-3127;mfe=-35.80	0	87	3	6	3.0	2.0	0.034482758620689655	-35.8
ENST00000378191.5:3460-3529;mfe=-28.60	0	69	3	16	3.0	2.0	0.043478260869565216	-28.6
ENST00000378156.9:1690-1757;mfe=-25.20	0	67	4	10	4.0	3.0	0.05970149253731343	-25.2
ENST00000429772.7:1360-1429;mfe=-22.30	0	69	3	8	3.0	2.0	0.043478260869565216	-22.3
ENST00000520584.6:150-214;mfe=-29.50	0	64	4	8	4.0	3.0	0.0625	-29.5
ENST00000518676.5:3170-3234;mfe=-22.20	0	64	3	15	3.0	2.0	0.046875	-22.2
ENST00000244426.10:1570-1647;mfe=-21.20	0	77	3	4	3.0	2.0	0.03896103896103896	-21.2
ENST00000244426.10:1610-1685;mfe=-21.80	0	75	3	4	3.0	2.0	0.04	-21.8
ENST00000419842.1:2070-2135;mfe=-24.80	0	65	3	15	3.0	2.0	0.046153846153846156	-24.8
ENST00000381697.7:2080-2151;mfe=-21.60	0	71	4	6	4.0	3.0	0.056338028169014086	-21.6
ENST00000513185.3:1220-1284;mfe=-22.20	0	64	4	11	4.0	3.0	0.0625	-22.2
ENST00000414220.2:260-335;mfe=-33.30	0	75	1	6	1.0	0.0	0.013333333333333334	-33.3
ENST00000566755.5:60-134;mfe=-34.80	0	74	4	8	4.0	3.0	0.05405405405405406	-34.8
ENST00000557266.5:200-267;mfe=-31.90	0	67	2	8	2.0	1.0	0.029850746268656716	-31.9
ENST00000357869.7:4310-4373;mfe=-20.20	0	63	4	17	4.0	3.0	0.06349206349206349	-20.2
ENST00000570187.1:1050-1120;mfe=-25.00	0	70	3	7	3.0	2.0	0.04285714285714286	-25.0
ENST00000557332.5:2330-2390;mfe=-20.00	0	60	3	7	3.0	2.0	0.05	-20.0
ENST00000462273.1:510-585;mfe=-21.60	0	75	3	17	3.0	2.0	0.04	-21.6
ENST00000447444.5:2000-2069;mfe=-27.30	0	69	3	15	3.0	2.0	0.043478260869565216	-27.3
ENST00000396671.7:3250-3317;mfe=-23.10	0	67	3	10	3.0	2.0	0.04477611940298507	-23.1
ENST00000301067.12:7600-7662;mfe=-25.80	0	62	3	8	3.0	2.0	0.04838709677419355	-25.8
ENST00000456504.5:2620-2680;mfe=-21.30	0	60	3	7	3.0	2.0	0.05	-21.3
ENST00000556363.5:3220-3307;mfe=-42.00	0	87	3	8	3.0	2.0	0.034482758620689655	-42.0
ENST00000556363.5:3230-3297;mfe=-28.50	0	67	1	4	1.0	0.0	0.014925373134328358	-28.5
ENST00000551869.1:1420-1486;mfe=-27.00	0	66	2	9	2.0	1.0	0.030303030303030304	-27.0
ENST00000453227.5:590-651;mfe=-21.00	0	61	3	11	3.0	2.0	0.04918032786885246	-21.0
ENST00000481424.5:2370-2430;mfe=-27.50	0	60	2	8	2.0	1.0	0.03333333333333333	-27.5
ENST00000550488.5:3530-3599;mfe=-20.20	0	69	2	13	2.0	1.0	0.028985507246376812	-20.2
ENST00000469140.2:970-1035;mfe=-25.10	0	65	2	8	2.0	1.0	0.03076923076923077	-25.1
ENST00000307142.9:4100-4186;mfe=-44.40	0	86	2	8	2.0	1.0	0.023255813953488372	-44.4
ENST00000504178.1:3600-3660;mfe=-34.90	0	60	1	8	1.0	0.0	0.016666666666666666	-34.9
ENST00000514316.1:480-552;mfe=-28.30	0	72	1	4	1.0	0.0	0.013888888888888888	-28.3
ENST00000532311.5:70-132;mfe=-26.10	0	62	4	10	4.0	3.0	0.06451612903225806	-26.1
ENST00000447966.7:2000-2063;mfe=-27.50	0	63	3	10	3.0	2.0	0.047619047619047616	-27.5
ENST00000453327.7:1240-1308;mfe=-37.90	0	68	3	10	3.0	2.0	0.04411764705882353	-37.9
ENST00000646058.1:690-753;mfe=-21.30	0	63	3	6	3.0	2.0	0.047619047619047616	-21.3
ENST00000533444.1:830-903;mfe=-31.40	0	73	3	7	3.0	2.0	0.0410958904109589	-31.4
ENST00000318911.5:200-262;mfe=-31.40	0	62	3	7	3.0	2.0	0.04838709677419355	-31.4
ENST00000377443.7:340-402;mfe=-24.10	0	62	2	8	2.0	1.0	0.03225806451612903	-24.1
ENST00000534255.1:320-382;mfe=-22.80	0	62	3	14	3.0	2.0	0.04838709677419355	-22.8
ENST00000300976.9:3290-3375;mfe=-32.10	0	85	4	21	4.0	3.0	0.047058823529411764	-32.1
ENST00000282538.9:2800-2869;mfe=-26.90	0	69	3	4	3.0	2.0	0.043478260869565216	-26.9
ENST00000355635.7:220-282;mfe=-30.00	0	62	3	6	3.0	2.0	0.04838709677419355	-30.0
ENST00000648588.1:2300-2365;mfe=-21.00	0	65	3	10	3.0	2.0	0.046153846153846156	-21.0
ENST00000307363.10:930-994;mfe=-22.10	0	64	3	13	3.0	2.0	0.046875	-22.1
ENST00000300179.7:3150-3214;mfe=-21.60	0	64	3	3	3.0	2.0	0.046875	-21.6
ENST00000531066.6:3020-3084;mfe=-34.50	0	64	4	12	4.0	3.0	0.0625	-34.5
ENST00000388795.9:4780-4844;mfe=-23.20	0	64	3	6	3.0	2.0	0.046875	-23.2
ENST00000377022.8:7600-7673;mfe=-25.40	0	73	3	12	3.0	2.0	0.0410958904109589	-25.4
ENST00000529920.5:470-534;mfe=-21.30	0	64	3	9	3.0	2.0	0.046875	-21.3
ENST00000564907.5:2530-2591;mfe=-22.70	0	61	2	10	2.0	1.0	0.03278688524590164	-22.7
ENST00000562558.6:2700-2768;mfe=-30.40	0	68	3	11	3.0	2.0	0.04411764705882353	-30.4
ENST00000511426.5:970-1033;mfe=-23.10	0	63	2	22	2.0	1.0	0.031746031746031744	-23.1
ENST00000280612.9:3410-3489;mfe=-23.10	0	79	2	4	2.0	1.0	0.02531645569620253	-23.1
ENST00000280612.9:3430-3501;mfe=-36.00	0	71	1	4	1.0	0.0	0.014084507042253521	-36.0
ENST00000280612.9:3440-3534;mfe=-50.00	0	94	2	5	2.0	1.0	0.02127659574468085	-50.0
ENST00000257951.3:320-397;mfe=-25.50	0	77	3	4	3.0	2.0	0.03896103896103896	-25.5
ENST00000422177.5:1150-1214;mfe=-28.40	0	64	2	10	2.0	1.0	0.03125	-28.4
ENST00000376583.7:6930-6999;mfe=-28.20	0	69	3	7	3.0	2.0	0.043478260869565216	-28.2
ENST00000320172.11:2640-2721;mfe=-20.50	0	81	3	18	3.0	2.0	0.037037037037037035	-20.5
ENST00000510615.1:80-154;mfe=-20.70	0	74	3	7	3.0	2.0	0.04054054054054054	-20.7
ENST00000397912.3:1030-1090;mfe=-34.50	0	60	4	6	4.0	3.0	0.06666666666666667	-34.5
ENST00000495052.5:50-110;mfe=-24.80	0	60	4	13	4.0	3.0	0.06666666666666667	-24.8
ENST00000436228.6:1100-1160;mfe=-26.80	0	60	3	10	3.0	2.0	0.05	-26.8
ENST00000641499.1:30-95;mfe=-22.60	0	65	3	7	3.0	2.0	0.046153846153846156	-22.6
ENST00000613099.4:14730-14800;mfe=-26.30	0	70	3	8	3.0	2.0	0.04285714285714286	-26.3
ENST00000543710.5:4130-4219;mfe=-42.50	0	89	4	10	4.0	3.0	0.0449438202247191	-42.5
ENST00000543766.2:1980-2044;mfe=-21.90	0	64	2	6	2.0	1.0	0.03125	-21.9
ENST00000587077.6:1680-1757;mfe=-25.70	0	77	2	6	2.0	1.0	0.025974025974025976	-25.7
ENST00000543726.1:1490-1554;mfe=-31.90	0	64	3	7	3.0	2.0	0.046875	-31.9
ENST00000370200.6:1120-1182;mfe=-22.70	0	62	3	8	3.0	2.0	0.04838709677419355	-22.7
ENST00000361464.8:240-308;mfe=-26.90	0	68	3	6	3.0	2.0	0.04411764705882353	-26.9
ENST00000481122.5:20-82;mfe=-30.30	0	62	2	6	2.0	1.0	0.03225806451612903	-30.3
ENST00000375949.5:820-880;mfe=-21.80	0	60	2	7	2.0	1.0	0.03333333333333333	-21.8
ENST00000528046.5:160-225;mfe=-22.50	0	65	2	6	2.0	1.0	0.03076923076923077	-22.5
ENST00000605484.1:800-862;mfe=-21.50	0	62	2	7	2.0	1.0	0.03225806451612903	-21.5
ENST00000676348.1:30-126;mfe=-35.10	0	96	2	4	2.0	1.0	0.020833333333333332	-35.1
ENST00000676408.1:30-108;mfe=-27.70	0	78	1	4	1.0	0.0	0.01282051282051282	-27.7
ENST00000491446.2:30-102;mfe=-25.20	0	72	1	4	1.0	0.0	0.013888888888888888	-25.2
ENST00000674872.1:5020-5081;mfe=-21.50	0	61	3	18	3.0	2.0	0.04918032786885246	-21.5
ENST00000369902.8:2500-2567;mfe=-25.10	0	67	2	13	2.0	1.0	0.029850746268656716	-25.1
ENST00000641576.1:3530-3592;mfe=-22.90	0	62	3	8	3.0	2.0	0.04838709677419355	-22.9
ENST00000555728.5:1020-1080;mfe=-22.80	0	60	4	8	4.0	3.0	0.06666666666666667	-22.8
ENST00000606377.7:2050-2135;mfe=-21.60	0	85	3	12	3.0	2.0	0.03529411764705882	-21.6
ENST00000562266.1:150-215;mfe=-20.40	0	65	3	12	3.0	2.0	0.046153846153846156	-20.4
ENST00000570049.5:270-331;mfe=-24.40	0	61	3	10	3.0	2.0	0.04918032786885246	-24.4
ENST00000652293.1:1030-1090;mfe=-22.90	0	60	4	13	4.0	3.0	0.06666666666666667	-22.9
ENST00000587101.1:140-211;mfe=-37.50	0	71	4	12	4.0	3.0	0.056338028169014086	-37.5
ENST00000369022.6:860-924;mfe=-26.10	0	64	3	7	3.0	2.0	0.046875	-26.1
ENST00000369020.8:1820-1883;mfe=-25.60	0	63	2	14	2.0	1.0	0.031746031746031744	-25.6
ENST00000551954.1:430-492;mfe=-27.90	0	62	3	10	3.0	2.0	0.04838709677419355	-27.9
ENST00000343882.10:6070-6130;mfe=-21.40	0	60	3	7	3.0	2.0	0.05	-21.4
ENST00000374763.6:2700-2768;mfe=-23.50	0	68	4	9	4.0	3.0	0.058823529411764705	-23.5
ENST00000257931.9:2020-2082;mfe=-30.90	0	62	3	7	3.0	2.0	0.04838709677419355	-30.9
ENST00000651171.1:380-441;mfe=-21.20	0	61	2	9	2.0	1.0	0.03278688524590164	-21.2
ENST00000556140.6:4030-4096;mfe=-22.70	0	66	3	15	3.0	2.0	0.045454545454545456	-22.7
ENST00000443118.3:4450-4515;mfe=-20.40	0	65	2	7	2.0	1.0	0.03076923076923077	-20.4
ENST00000368847.5:4450-4513;mfe=-35.30	0	63	2	5	2.0	1.0	0.031746031746031744	-35.3
ENST00000358835.7:400-467;mfe=-41.50	0	67	3	6	3.0	2.0	0.04477611940298507	-41.5
ENST00000565460.1:2650-2718;mfe=-26.40	0	68	3	7	3.0	2.0	0.04411764705882353	-26.4
ENST00000328550.6:2690-2779;mfe=-37.50	0	89	4	9	4.0	3.0	0.0449438202247191	-37.5
ENST00000328550.6:2700-2777;mfe=-33.80	0	77	2	4	2.0	1.0	0.025974025974025976	-33.8
ENST00000518499.1:270-333;mfe=-27.00	0	63	3	10	3.0	2.0	0.047619047619047616	-27.0
ENST00000481736.5:1130-1205;mfe=-34.70	0	75	3	9	3.0	2.0	0.04	-34.7
ENST00000467070.1:290-354;mfe=-27.40	0	64	2	4	2.0	1.0	0.03125	-27.4
ENST00000585357.1:200-261;mfe=-24.60	0	61	3	8	3.0	2.0	0.04918032786885246	-24.6
ENST00000589644.1:770-836;mfe=-20.40	0	66	4	8	4.0	3.0	0.06060606060606061	-20.4
ENST00000652107.1:3820-3881;mfe=-24.20	0	61	4	8	4.0	3.0	0.06557377049180328	-24.2
ENST00000677306.1:1930-1991;mfe=-21.40	0	61	3	4	3.0	2.0	0.04918032786885246	-21.4
ENST00000519065.6:8920-9009;mfe=-33.10	0	89	2	4	2.0	1.0	0.02247191011235955	-33.1
ENST00000674383.1:4100-4169;mfe=-22.00	0	69	1	4	1.0	0.0	0.014492753623188406	-22.0
ENST00000674218.1:4270-4338;mfe=-20.60	0	68	1	4	1.0	0.0	0.014705882352941176	-20.6
ENST00000675853.1:2290-2352;mfe=-28.10	0	62	3	11	3.0	2.0	0.04838709677419355	-28.1
ENST00000675297.1:3890-3950;mfe=-21.20	0	60	3	12	3.0	2.0	0.05	-21.2
ENST00000249364.9:1570-1637;mfe=-22.50	0	67	4	12	4.0	3.0	0.05970149253731343	-22.5
ENST00000519565.5:10110-10180;mfe=-22.60	0	70	3	8	3.0	2.0	0.04285714285714286	-22.6
ENST00000438495.6:1440-1515;mfe=-22.10	0	75	3	7	3.0	2.0	0.04	-22.1
ENST00000547741.1:40-123;mfe=-35.60	0	83	3	18	3.0	2.0	0.03614457831325301	-35.6
ENST00000308212.9:1350-1415;mfe=-22.40	0	65	4	7	4.0	3.0	0.06153846153846154	-22.4
ENST00000507562.1:140-210;mfe=-25.10	0	70	4	11	4.0	3.0	0.05714285714285714	-25.1
ENST00000393232.6:1910-1971;mfe=-22.70	0	61	3	6	3.0	2.0	0.04918032786885246	-22.7
ENST00000451916.1:70-130;mfe=-20.00	0	60	3	4	3.0	2.0	0.05	-20.0
ENST00000299980.9:6100-6160;mfe=-20.60	0	60	2	3	2.0	1.0	0.03333333333333333	-20.6
ENST00000377797.7:5010-5101;mfe=-20.50	0	85	3	8	3.0	2.0	0.03529411764705882	-20.5
ENST00000543397.1:1280-1360;mfe=-23.20	0	80	3	4	3.0	2.0	0.0375	-23.2
ENST00000357496.6:300-367;mfe=-23.10	0	67	3	6	3.0	2.0	0.04477611940298507	-23.1
ENST00000378623.6:1100-1162;mfe=-20.00	0	62	4	7	4.0	3.0	0.06451612903225806	-20.0
ENST00000636422.1:1160-1225;mfe=-21.30	0	65	3	6	3.0	2.0	0.046153846153846156	-21.3
ENST00000308330.3:3440-3501;mfe=-28.60	0	61	2	6	2.0	1.0	0.03278688524590164	-28.6
ENST00000355192.8:3010-3075;mfe=-30.20	0	65	2	4	2.0	1.0	0.03076923076923077	-30.2
ENST00000678569.1:1710-1772;mfe=-28.50	0	62	2	8	2.0	1.0	0.03225806451612903	-28.5
ENST00000679070.1:1510-1572;mfe=-29.00	0	62	4	8	4.0	3.0	0.06451612903225806	-29.0
ENST00000677496.1:1490-1557;mfe=-30.80	0	67	2	8	2.0	1.0	0.029850746268656716	-30.8
ENST00000355417.7:70-132;mfe=-42.40	0	62	3	5	3.0	2.0	0.04838709677419355	-42.4
ENST00000521308.5:70-136;mfe=-44.00	0	66	3	5	3.0	2.0	0.045454545454545456	-44.0
ENST00000374030.3:740-810;mfe=-26.90	0	70	4	12	4.0	3.0	0.05714285714285714	-26.9
ENST00000237264.9:1370-1440;mfe=-25.50	0	70	3	7	3.0	2.0	0.04285714285714286	-25.5
ENST00000407595.3:1120-1185;mfe=-26.40	0	65	4	13	4.0	3.0	0.06153846153846154	-26.4
ENST00000637455.1:1280-1340;mfe=-20.30	0	60	3	12	3.0	2.0	0.05	-20.3
ENST00000373894.8:200-272;mfe=-26.10	0	72	3	10	3.0	2.0	0.041666666666666664	-26.1
ENST00000248248.8:3600-3691;mfe=-39.80	0	91	3	4	3.0	2.0	0.03296703296703297	-39.8
ENST00000368636.8:1890-1965;mfe=-23.50	0	75	3	13	3.0	2.0	0.04	-23.5
ENST00000615713.4:10-71;mfe=-22.50	0	61	2	12	2.0	1.0	0.03278688524590164	-22.5
ENST00000646249.1:470-531;mfe=-37.50	0	61	1	4	1.0	0.0	0.01639344262295082	-37.5
ENST00000449682.2:230-292;mfe=-31.50	0	62	3	7	3.0	2.0	0.04838709677419355	-31.5
ENST00000674096.1:1970-2032;mfe=-31.90	0	62	1	6	1.0	0.0	0.016129032258064516	-31.9
ENST00000674096.1:1980-2046;mfe=-33.00	0	66	2	4	2.0	1.0	0.030303030303030304	-33.0
ENST00000674096.1:2000-2065;mfe=-31.10	0	65	2	8	2.0	1.0	0.03076923076923077	-31.1
ENST00000648994.2:9350-9431;mfe=-40.90	0	81	2	15	2.0	1.0	0.024691358024691357	-40.9
ENST00000648994.2:9370-9464;mfe=-46.80	0	94	2	3	2.0	1.0	0.02127659574468085	-46.8
ENST00000519499.2:1870-1931;mfe=-20.60	0	61	2	6	2.0	1.0	0.03278688524590164	-20.6
ENST00000566838.2:6680-6773;mfe=-32.20	0	93	3	8	3.0	2.0	0.03225806451612903	-32.2
ENST00000613246.4:5520-5592;mfe=-21.80	0	72	1	4	1.0	0.0	0.013888888888888888	-21.8
ENST00000462025.1:250-318;mfe=-22.30	0	68	3	15	3.0	2.0	0.04411764705882353	-22.3
ENST00000327245.10:6200-6269;mfe=-29.20	0	69	3	6	3.0	2.0	0.043478260869565216	-29.2
ENST00000475668.6:4280-4360;mfe=-26.50	0	80	3	10	3.0	2.0	0.0375	-26.5
ENST00000420010.6:1310-1370;mfe=-26.10	0	60	3	8	3.0	2.0	0.05	-26.1
ENST00000336798.11:4340-4405;mfe=-24.80	0	65	4	8	4.0	3.0	0.06153846153846154	-24.8
ENST00000358252.8:3740-3804;mfe=-23.20	0	64	3	12	3.0	2.0	0.046875	-23.2
ENST00000649859.1:1130-1192;mfe=-29.30	0	62	2	8	2.0	1.0	0.03225806451612903	-29.3
ENST00000480594.1:5210-5270;mfe=-21.20	0	60	3	4	3.0	2.0	0.05	-21.2
ENST00000408949.2:630-698;mfe=-27.10	0	68	4	8	4.0	3.0	0.058823529411764705	-27.1
ENST00000355848.7:170-245;mfe=-26.20	0	75	3	10	3.0	2.0	0.04	-26.2
ENST00000423994.6:4790-4861;mfe=-24.10	0	71	2	10	2.0	1.0	0.028169014084507043	-24.1
ENST00000266039.7:5000-5062;mfe=-22.40	0	62	3	4	3.0	2.0	0.04838709677419355	-22.4
ENST00000424201.7:4970-5038;mfe=-24.10	0	68	2	10	2.0	1.0	0.029411764705882353	-24.1
ENST00000562209.1:100-171;mfe=-25.30	0	71	4	8	4.0	3.0	0.056338028169014086	-25.3
ENST00000647444.2:2110-2191;mfe=-31.10	0	81	1	4	1.0	0.0	0.012345679012345678	-31.1
ENST00000647444.2:2130-2216;mfe=-33.30	0	86	3	4	3.0	2.0	0.03488372093023256	-33.3
ENST00000409358.1:970-1034;mfe=-32.30	0	64	3	8	3.0	2.0	0.046875	-32.3
ENST00000232854.9:12440-12504;mfe=-24.00	0	64	3	8	3.0	2.0	0.046875	-24.0
ENST00000643964.1:2300-2360;mfe=-24.80	0	60	2	8	2.0	1.0	0.03333333333333333	-24.8
ENST00000563783.6:800-862;mfe=-24.70	0	62	4	11	4.0	3.0	0.06451612903225806	-24.7
ENST00000645842.1:720-787;mfe=-20.20	0	67	3	11	3.0	2.0	0.04477611940298507	-20.2
ENST00000391946.7:740-812;mfe=-34.50	0	72	3	9	3.0	2.0	0.041666666666666664	-34.5
ENST00000585434.5:720-785;mfe=-26.70	0	65	3	9	3.0	2.0	0.046153846153846156	-26.7
ENST00000487005.1:1070-1133;mfe=-28.20	0	63	3	7	3.0	2.0	0.047619047619047616	-28.2
ENST00000489419.1:240-309;mfe=-29.70	0	69	3	8	3.0	2.0	0.043478260869565216	-29.7
ENST00000393062.6:1120-1188;mfe=-35.60	0	68	2	7	2.0	1.0	0.029411764705882353	-35.6
ENST00000430656.5:2120-2184;mfe=-34.20	0	64	4	8	4.0	3.0	0.0625	-34.2
ENST00000539976.1:1250-1322;mfe=-30.90	0	72	3	8	3.0	2.0	0.041666666666666664	-30.9
ENST00000539976.1:1440-1511;mfe=-25.20	0	71	3	10	3.0	2.0	0.04225352112676056	-25.2
ENST00000539976.1:2070-2134;mfe=-21.60	0	64	3	10	3.0	2.0	0.046875	-21.6
ENST00000564379.1:1320-1394;mfe=-33.20	0	74	3	9	3.0	2.0	0.04054054054054054	-33.2
ENST00000263257.6:7200-7262;mfe=-20.10	0	62	3	11	3.0	2.0	0.04838709677419355	-20.1
ENST00000263257.6:2800-2861;mfe=-24.10	0	61	3	9	3.0	2.0	0.04918032786885246	-24.1
ENST00000536603.5:1110-1176;mfe=-35.70	0	66	3	7	3.0	2.0	0.045454545454545456	-35.7
ENST00000373191.9:8330-8397;mfe=-24.80	0	67	2	6	2.0	1.0	0.029850746268656716	-24.8
ENST00000291294.7:410-473;mfe=-24.90	0	63	4	17	4.0	3.0	0.06349206349206349	-24.9
ENST00000641291.1:2020-2085;mfe=-25.10	0	65	3	10	3.0	2.0	0.046153846153846156	-25.1
ENST00000551944.1:3540-3600;mfe=-20.50	0	60	2	11	2.0	1.0	0.03333333333333333	-20.5
ENST00000296215.8:2270-2339;mfe=-24.30	0	69	2	4	2.0	1.0	0.028985507246376812	-24.3
ENST00000614079.1:3470-3533;mfe=-24.40	0	63	3	8	3.0	2.0	0.047619047619047616	-24.4
ENST00000355083.11:3440-3504;mfe=-32.90	0	64	2	4	2.0	1.0	0.03125	-32.9
ENST00000274605.6:4840-4902;mfe=-28.00	0	62	3	7	3.0	2.0	0.04838709677419355	-28.0
ENST00000236877.11:2770-2835;mfe=-30.00	0	65	3	17	3.0	2.0	0.046153846153846156	-30.0
ENST00000549992.5:670-736;mfe=-26.40	0	66	4	14	4.0	3.0	0.06060606060606061	-26.4
ENST00000593892.5:360-427;mfe=-29.40	0	67	2	7	2.0	1.0	0.029850746268656716	-29.4
ENST00000227524.9:1710-1777;mfe=-23.60	0	67	3	7	3.0	2.0	0.04477611940298507	-23.6
ENST00000344931.9:10-76;mfe=-21.10	0	66	4	10	4.0	3.0	0.06060606060606061	-21.1
ENST00000344419.8:8300-8364;mfe=-27.30	0	64	3	8	3.0	2.0	0.046875	-27.3
ENST00000258083.3:340-405;mfe=-28.80	0	65	3	13	3.0	2.0	0.046153846153846156	-28.8
ENST00000600059.5:2640-2706;mfe=-39.00	0	66	3	6	3.0	2.0	0.045454545454545456	-39.0
ENST00000519757.5:870-933;mfe=-29.60	0	63	3	4	3.0	2.0	0.047619047619047616	-29.6
ENST00000394073.5:130-194;mfe=-23.70	0	64	3	16	3.0	2.0	0.046875	-23.7
ENST00000539008.6:6600-6661;mfe=-24.30	0	61	3	8	3.0	2.0	0.04918032786885246	-24.3
ENST00000540717.1:3300-3365;mfe=-27.80	0	65	3	19	3.0	2.0	0.046153846153846156	-27.8
ENST00000675319.1:3290-3350;mfe=-22.20	0	60	3	6	3.0	2.0	0.05	-22.2
ENST00000330432.12:4150-4213;mfe=-25.00	0	63	3	14	3.0	2.0	0.047619047619047616	-25.0
ENST00000359345.5:1030-1097;mfe=-21.60	0	67	3	9	3.0	2.0	0.04477611940298507	-21.6
ENST00000470440.1:230-290;mfe=-20.70	0	60	3	11	3.0	2.0	0.05	-20.7
ENST00000678076.1:1270-1336;mfe=-27.00	0	66	3	13	3.0	2.0	0.045454545454545456	-27.0
ENST00000486036.1:250-317;mfe=-40.40	0	67	4	6	4.0	3.0	0.05970149253731343	-40.4
ENST00000474531.5:280-349;mfe=-30.20	0	69	3	7	3.0	2.0	0.043478260869565216	-30.2
ENST00000474531.5:290-355;mfe=-31.20	0	65	3	7	3.0	2.0	0.046153846153846156	-31.2
ENST00000491424.5:590-653;mfe=-31.10	0	63	2	9	2.0	1.0	0.031746031746031744	-31.1
ENST00000650503.1:2380-2452;mfe=-20.80	0	72	4	14	4.0	3.0	0.05555555555555555	-20.8
ENST00000498707.5:6300-6376;mfe=-26.00	0	76	3	4	3.0	2.0	0.039473684210526314	-26.0
ENST00000275300.3:160-220;mfe=-30.90	0	60	3	8	3.0	2.0	0.05	-30.9
ENST00000461511.1:370-434;mfe=-20.20	0	64	3	10	3.0	2.0	0.046875	-20.2
ENST00000366847.9:11720-11781;mfe=-25.30	0	61	3	4	3.0	2.0	0.04918032786885246	-25.3
ENST00000308062.7:1620-1698;mfe=-26.20	0	78	2	4	2.0	1.0	0.02564102564102564	-26.2
ENST00000648506.1:1430-1492;mfe=-20.30	0	62	3	12	3.0	2.0	0.04838709677419355	-20.3
ENST00000377567.6:980-1040;mfe=-26.10	0	60	4	7	4.0	3.0	0.06666666666666667	-26.1
ENST00000377848.7:3020-3092;mfe=-21.30	0	72	3	8	3.0	2.0	0.041666666666666664	-21.3
ENST00000262259.7:5960-6028;mfe=-24.40	0	68	3	20	3.0	2.0	0.04411764705882353	-24.4
ENST00000372257.7:250-314;mfe=-41.70	0	64	2	7	2.0	1.0	0.03125	-41.7
ENST00000649995.1:60-126;mfe=-41.70	0	66	2	7	2.0	1.0	0.030303030303030304	-41.7
ENST00000457571.1:250-341;mfe=-49.00	0	91	4	16	4.0	3.0	0.04395604395604396	-49.0
ENST00000495828.1:230-302;mfe=-41.70	0	72	2	7	2.0	1.0	0.027777777777777776	-41.7
ENST00000261037.7:5070-5136;mfe=-22.50	0	66	2	4	2.0	1.0	0.030303030303030304	-22.5
ENST00000334197.12:5700-5763;mfe=-28.80	0	63	2	4	2.0	1.0	0.031746031746031744	-28.8
ENST00000193391.8:4610-4677;mfe=-23.80	0	67	1	4	1.0	0.0	0.014925373134328358	-23.8
ENST00000487070.5:2840-2901;mfe=-20.50	0	61	3	8	3.0	2.0	0.04918032786885246	-20.5
ENST00000302937.8:1940-2023;mfe=-26.20	0	83	3	4	3.0	2.0	0.03614457831325301	-26.2
ENST00000361483.4:1230-1293;mfe=-30.10	0	63	3	9	3.0	2.0	0.047619047619047616	-30.1
ENST00000402367.5:520-587;mfe=-21.70	0	67	3	8	3.0	2.0	0.04477611940298507	-21.7
ENST00000391748.5:1350-1410;mfe=-25.00	0	60	3	12	3.0	2.0	0.05	-25.0
ENST00000533698.5:570-630;mfe=-20.70	0	60	3	4	3.0	2.0	0.05	-20.7
ENST00000548283.6:3520-3590;mfe=-23.30	0	70	4	9	4.0	3.0	0.05714285714285714	-23.3
ENST00000534708.6:630-693;mfe=-29.00	0	63	3	10	3.0	2.0	0.047619047619047616	-29.0
ENST00000396221.6:340-409;mfe=-20.40	0	69	3	11	3.0	2.0	0.043478260869565216	-20.4
ENST00000460813.5:2100-2164;mfe=-20.90	0	64	4	9	4.0	3.0	0.0625	-20.9
ENST00000552092.1:360-426;mfe=-23.60	0	66	2	5	2.0	1.0	0.030303030303030304	-23.6
ENST00000678439.1:160-242;mfe=-28.80	0	82	3	8	3.0	2.0	0.036585365853658534	-28.8
ENST00000264235.13:710-780;mfe=-28.80	0	70	3	8	3.0	2.0	0.04285714285714286	-28.8
ENST00000469810.1:3480-3543;mfe=-20.20	0	63	3	14	3.0	2.0	0.047619047619047616	-20.2
ENST00000539680.1:2280-2358;mfe=-21.70	0	78	3	8	3.0	2.0	0.038461538461538464	-21.7
ENST00000531392.1:5140-5207;mfe=-21.60	0	67	2	15	2.0	1.0	0.029850746268656716	-21.6
ENST00000546420.5:140-205;mfe=-26.50	0	65	3	8	3.0	2.0	0.046153846153846156	-26.5
ENST00000598744.1:480-541;mfe=-20.80	0	61	3	4	3.0	2.0	0.04918032786885246	-20.8
ENST00000531388.1:4070-4133;mfe=-33.90	0	63	3	7	3.0	2.0	0.047619047619047616	-33.9
ENST00000650207.1:4470-4537;mfe=-30.00	0	67	3	8	3.0	2.0	0.04477611940298507	-30.0
ENST00000602149.1:1520-1587;mfe=-22.30	0	67	3	7	3.0	2.0	0.04477611940298507	-22.3
ENST00000356404.8:4090-4150;mfe=-25.20	0	60	3	6	3.0	2.0	0.05	-25.2
ENST00000597186.5:2820-2893;mfe=-20.00	0	73	3	7	3.0	2.0	0.0410958904109589	-20.0
ENST00000414150.6:3110-3173;mfe=-26.80	0	63	3	7	3.0	2.0	0.047619047619047616	-26.8
ENST00000232607.7:4140-4200;mfe=-26.50	0	60	1	6	1.0	0.0	0.016666666666666666	-26.5
ENST00000261826.10:2580-2649;mfe=-22.70	0	69	3	7	3.0	2.0	0.043478260869565216	-22.7
ENST00000485866.5:2350-2416;mfe=-22.10	0	66	2	7	2.0	1.0	0.030303030303030304	-22.1
ENST00000593745.1:2890-2953;mfe=-29.40	0	63	4	10	4.0	3.0	0.06349206349206349	-29.4
ENST00000354590.7:2110-2181;mfe=-38.30	0	71	3	10	3.0	2.0	0.04225352112676056	-38.3
ENST00000532635.5:230-297;mfe=-35.70	0	67	2	5	2.0	1.0	0.029850746268656716	-35.7
ENST00000371208.5:5430-5501;mfe=-20.50	0	71	2	6	2.0	1.0	0.028169014084507043	-20.5
ENST00000343936.4:10310-10387;mfe=-36.80	0	77	1	4	1.0	0.0	0.012987012987012988	-36.8
ENST00000343936.4:10330-10412;mfe=-26.20	0	82	1	4	1.0	0.0	0.012195121951219513	-26.2
ENST00000339950.5:2140-2209;mfe=-20.70	0	69	3	12	3.0	2.0	0.043478260869565216	-20.7
ENST00000434178.6:210-283;mfe=-46.90	0	73	2	8	2.0	1.0	0.0273972602739726	-46.9
ENST00000637504.1:1070-1135;mfe=-28.40	0	65	3	6	3.0	2.0	0.046153846153846156	-28.4
ENST00000442692.2:1700-1769;mfe=-36.10	0	69	3	5	3.0	2.0	0.043478260869565216	-36.1
ENST00000280557.11:910-978;mfe=-23.20	0	68	3	5	3.0	2.0	0.04411764705882353	-23.2
ENST00000357692.6:2110-2175;mfe=-27.70	0	65	4	4	4.0	3.0	0.06153846153846154	-27.7
ENST00000452274.6:2040-2111;mfe=-20.60	0	71	2	7	2.0	1.0	0.028169014084507043	-20.6
ENST00000356887.12:1690-1752;mfe=-20.50	0	62	4	10	4.0	3.0	0.06451612903225806	-20.5
ENST00000306821.3:2180-2245;mfe=-21.60	0	65	3	5	3.0	2.0	0.046153846153846156	-21.6
ENST00000341446.9:5010-5079;mfe=-36.40	0	69	1	4	1.0	0.0	0.014492753623188406	-36.4
ENST00000341446.9:5020-5085;mfe=-26.10	0	65	3	12	3.0	2.0	0.046153846153846156	-26.1
ENST00000449696.3:340-405;mfe=-23.10	0	65	1	4	1.0	0.0	0.015384615384615385	-23.1
ENST00000229030.4:1980-2043;mfe=-34.80	0	63	2	4	2.0	1.0	0.031746031746031744	-34.8
ENST00000344720.9:3070-3131;mfe=-22.00	0	61	3	7	3.0	2.0	0.04918032786885246	-22.0
ENST00000480732.2:360-448;mfe=-59.50	0	88	3	8	3.0	2.0	0.03409090909090909	-59.5
ENST00000370751.10:4280-4352;mfe=-25.00	0	72	3	17	3.0	2.0	0.041666666666666664	-25.0
ENST00000462829.2:710-771;mfe=-24.40	0	61	3	4	3.0	2.0	0.04918032786885246	-24.4
ENST00000064778.8:1460-1523;mfe=-22.10	0	63	2	7	2.0	1.0	0.031746031746031744	-22.1
ENST00000426191.2:360-427;mfe=-29.00	0	67	2	3	2.0	1.0	0.029850746268656716	-29.0
ENST00000236698.9:5520-5582;mfe=-23.70	0	62	3	9	3.0	2.0	0.04838709677419355	-23.7
ENST00000534922.5:940-1007;mfe=-24.90	0	67	4	16	4.0	3.0	0.05970149253731343	-24.9
ENST00000392319.6:20-105;mfe=-33.60	0	85	3	8	3.0	2.0	0.03529411764705882	-33.6
ENST00000536435.7:10990-11056;mfe=-22.50	0	66	1	4	1.0	0.0	0.015151515151515152	-22.5
ENST00000440886.1:1750-1832;mfe=-28.10	0	82	3	4	3.0	2.0	0.036585365853658534	-28.1
ENST00000532963.1:1110-1189;mfe=-21.00	0	79	3	20	3.0	2.0	0.0379746835443038	-21.0
ENST00000458420.7:5500-5567;mfe=-23.60	0	67	3	10	3.0	2.0	0.04477611940298507	-23.6
ENST00000370565.5:160-228;mfe=-23.20	0	68	4	11	4.0	3.0	0.058823529411764705	-23.2
ENST00000446041.6:60-123;mfe=-39.10	0	63	3	7	3.0	2.0	0.047619047619047616	-39.1
ENST00000663165.1:6930-7019;mfe=-26.90	0	89	3	4	3.0	2.0	0.033707865168539325	-26.9
ENST00000607673.2:3460-3523;mfe=-24.00	0	63	2	8	2.0	1.0	0.031746031746031744	-24.0
ENST00000264170.9:1880-1952;mfe=-21.60	0	72	1	4	1.0	0.0	0.013888888888888888	-21.6
ENST00000264170.9:1920-2001;mfe=-32.80	0	81	2	4	2.0	1.0	0.024691358024691357	-32.8
ENST00000370331.5:2540-2606;mfe=-20.90	0	66	3	6	3.0	2.0	0.045454545454545456	-20.9
ENST00000637045.1:6090-6160;mfe=-39.00	0	70	1	4	1.0	0.0	0.014285714285714285	-39.0
ENST00000636820.1:6100-6172;mfe=-39.00	0	72	1	4	1.0	0.0	0.013888888888888888	-39.0
ENST00000627532.3:6240-6308;mfe=-24.00	0	68	3	13	3.0	2.0	0.04411764705882353	-24.0
ENST00000533180.1:100-162;mfe=-20.40	0	62	4	8	4.0	3.0	0.06451612903225806	-20.4
ENST00000264169.6:5800-5863;mfe=-20.50	0	63	2	11	2.0	1.0	0.031746031746031744	-20.5
ENST00000370132.8:5920-5990;mfe=-31.40	0	70	1	6	1.0	0.0	0.014285714285714285	-31.4
ENST00000491397.1:950-1021;mfe=-26.20	0	71	3	6	3.0	2.0	0.04225352112676056	-26.2
ENST00000534564.5:2630-2707;mfe=-21.00	0	77	3	19	3.0	2.0	0.03896103896103896	-21.0
ENST00000528250.1:910-987;mfe=-26.60	0	77	3	19	3.0	2.0	0.03896103896103896	-26.6
ENST00000305494.6:6700-6782;mfe=-27.40	0	82	2	23	2.0	1.0	0.024390243902439025	-27.4
ENST00000305494.6:6710-6771;mfe=-22.20	0	61	1	23	1.0	0.0	0.01639344262295082	-22.2
ENST00000544049.2:1900-1962;mfe=-28.30	0	62	1	14	1.0	0.0	0.016129032258064516	-28.3
ENST00000343727.9:350-412;mfe=-24.50	0	62	2	6	2.0	1.0	0.03225806451612903	-24.5
ENST00000369869.1:260-331;mfe=-25.00	0	71	2	6	2.0	1.0	0.028169014084507043	-25.0
ENST00000678839.1:2520-2610;mfe=-26.40	0	90	3	4	3.0	2.0	0.03333333333333333	-26.4
ENST00000409404.6:13030-13105;mfe=-29.00	0	75	3	12	3.0	2.0	0.04	-29.0
ENST00000530769.5:2100-2168;mfe=-45.40	0	68	1	7	1.0	0.0	0.014705882352941176	-45.4
ENST00000316361.10:9020-9092;mfe=-23.00	0	72	2	4	2.0	1.0	0.027777777777777776	-23.0
ENST00000638477.2:2550-2620;mfe=-23.30	0	70	3	8	3.0	2.0	0.04285714285714286	-23.3
ENST00000638477.2:8990-9067;mfe=-23.60	0	77	2	4	2.0	1.0	0.025974025974025976	-23.6
ENST00000639048.2:2590-2669;mfe=-25.80	0	79	3	6	3.0	2.0	0.0379746835443038	-25.8
ENST00000639233.2:2830-2919;mfe=-25.10	0	89	3	30	3.0	2.0	0.033707865168539325	-25.1
ENST00000640027.1:2750-2842;mfe=-42.80	0	92	1	7	1.0	0.0	0.010869565217391304	-42.8
ENST00000493021.5:1750-1810;mfe=-21.60	0	60	4	5	4.0	3.0	0.06666666666666667	-21.6
ENST00000496492.5:160-221;mfe=-23.70	0	61	3	7	3.0	2.0	0.04918032786885246	-23.7
ENST00000534360.1:20-80;mfe=-22.10	0	60	3	4	3.0	2.0	0.05	-22.1
ENST00000375437.7:7050-7122;mfe=-23.50	0	72	3	4	3.0	2.0	0.041666666666666664	-23.5
ENST00000651982.1:4070-4166;mfe=-61.20	0	96	1	4	1.0	0.0	0.010416666666666666	-61.2
ENST00000651982.1:4080-4165;mfe=-60.20	0	85	1	4	1.0	0.0	0.011764705882352941	-60.2
ENST00000651982.1:4090-4184;mfe=-50.60	0	94	2	4	2.0	1.0	0.02127659574468085	-50.6
ENST00000651982.1:4100-4165;mfe=-40.50	0	65	1	4	1.0	0.0	0.015384615384615385	-40.5
ENST00000320334.5:690-753;mfe=-20.40	0	63	2	13	2.0	1.0	0.031746031746031744	-20.4
ENST00000432729.5:910-971;mfe=-22.40	0	61	2	16	2.0	1.0	0.03278688524590164	-22.4
ENST00000539893.5:2370-2432;mfe=-20.40	0	62	3	12	3.0	2.0	0.04838709677419355	-20.4
ENST00000349139.6:3580-3647;mfe=-24.70	0	67	1	6	1.0	0.0	0.014925373134328358	-24.7
ENST00000493866.5:2690-2754;mfe=-21.30	0	64	3	7	3.0	2.0	0.046875	-21.3
ENST00000392647.7:2140-2238;mfe=-48.10	0	98	3	4	3.0	2.0	0.030612244897959183	-48.1
ENST00000392647.7:2280-2341;mfe=-24.40	0	61	2	4	2.0	1.0	0.03278688524590164	-24.4
ENST00000652024.1:3420-3483;mfe=-22.10	0	63	2	13	2.0	1.0	0.031746031746031744	-22.1
ENST00000622508.4:840-900;mfe=-21.50	0	60	3	11	3.0	2.0	0.05	-21.5
ENST00000472593.1:1470-1563;mfe=-26.90	0	93	1	4	1.0	0.0	0.010752688172043012	-26.9
ENST00000397081.8:3580-3649;mfe=-21.70	0	69	2	3	2.0	1.0	0.028985507246376812	-21.7
ENST00000538974.5:3190-3262;mfe=-21.70	0	72	2	3	2.0	1.0	0.027777777777777776	-21.7
ENST00000402825.7:560-622;mfe=-21.00	0	62	3	7	3.0	2.0	0.04838709677419355	-21.0
ENST00000404464.8:2640-2700;mfe=-21.20	0	60	2	6	2.0	1.0	0.03333333333333333	-21.2
ENST00000227322.8:4580-4643;mfe=-26.90	0	63	3	5	3.0	2.0	0.047619047619047616	-26.9
ENST00000534125.1:130-199;mfe=-39.20	0	69	3	8	3.0	2.0	0.043478260869565216	-39.2
ENST00000448408.5:30-101;mfe=-29.50	0	71	3	8	3.0	2.0	0.04225352112676056	-29.5
ENST00000448408.5:40-128;mfe=-24.70	0	88	3	18	3.0	2.0	0.03409090909090909	-24.7
ENST00000278937.7:70-131;mfe=-23.00	0	61	3	6	3.0	2.0	0.04918032786885246	-23.0
ENST00000640853.1:11180-11241;mfe=-22.20	0	61	3	8	3.0	2.0	0.04918032786885246	-22.2
ENST00000620788.1:2610-2672;mfe=-21.50	0	62	4	7	4.0	3.0	0.06451612903225806	-21.5
ENST00000527992.5:1530-1591;mfe=-22.50	0	61	3	6	3.0	2.0	0.04918032786885246	-22.5
ENST00000473377.5:2430-2508;mfe=-21.30	0	78	3	22	3.0	2.0	0.038461538461538464	-21.3
ENST00000525790.5:1870-1940;mfe=-35.00	0	70	3	7	3.0	2.0	0.04285714285714286	-35.0
ENST00000531616.1:2490-2553;mfe=-21.00	0	63	2	7	2.0	1.0	0.031746031746031744	-21.0
ENST00000296328.9:6420-6486;mfe=-26.00	0	66	2	9	2.0	1.0	0.030303030303030304	-26.0
ENST00000618040.4:7750-7842;mfe=-21.10	0	92	2	4	2.0	1.0	0.021739130434782608	-21.1
ENST00000618040.4:7770-7846;mfe=-21.10	0	76	2	4	2.0	1.0	0.02631578947368421	-21.1
ENST00000525391.1:40-104;mfe=-26.60	0	64	3	20	3.0	2.0	0.046875	-26.6
ENST00000409270.5:50-112;mfe=-20.40	0	62	3	4	3.0	2.0	0.04838709677419355	-20.4
ENST00000392451.6:2190-2250;mfe=-24.60	0	60	3	7	3.0	2.0	0.05	-24.6
ENST00000647377.1:4290-4356;mfe=-22.80	0	66	3	14	3.0	2.0	0.045454545454545456	-22.8
ENST00000282272.15:3180-3246;mfe=-31.20	0	66	3	4	3.0	2.0	0.045454545454545456	-31.2
ENST00000441832.1:1250-1313;mfe=-25.20	0	63	3	4	3.0	2.0	0.047619047619047616	-25.2
ENST00000468413.5:200-285;mfe=-36.90	0	85	3	8	3.0	2.0	0.03529411764705882	-36.9
ENST00000478816.5:160-259;mfe=-41.90	0	99	3	8	3.0	2.0	0.030303030303030304	-41.9
ENST00000478816.5:180-266;mfe=-43.60	0	86	3	8	3.0	2.0	0.03488372093023256	-43.6
ENST00000676814.1:3810-3874;mfe=-21.30	0	64	3	7	3.0	2.0	0.046875	-21.3
ENST00000678699.1:3170-3230;mfe=-21.90	0	60	3	7	3.0	2.0	0.05	-21.9
ENST00000678699.1:10320-10408;mfe=-40.60	0	88	2	8	2.0	1.0	0.022727272727272728	-40.6
ENST00000677825.1:10210-10301;mfe=-31.70	0	91	3	10	3.0	2.0	0.03296703296703297	-31.7
ENST00000679097.1:10420-10490;mfe=-34.90	0	70	3	8	3.0	2.0	0.04285714285714286	-34.9
ENST00000678117.1:10420-10491;mfe=-30.30	0	71	2	4	2.0	1.0	0.028169014084507043	-30.3
ENST00000677992.1:2260-2328;mfe=-28.90	0	68	1	4	1.0	0.0	0.014705882352941176	-28.9
ENST00000679133.1:10320-10387;mfe=-26.30	0	67	3	4	3.0	2.0	0.04477611940298507	-26.3
ENST00000473565.5:480-565;mfe=-27.10	0	85	4	19	4.0	3.0	0.047058823529411764	-27.1
ENST00000368336.10:1200-1271;mfe=-21.70	0	71	4	20	4.0	3.0	0.056338028169014086	-21.7
ENST00000265909.9:8280-8348;mfe=-31.40	0	68	3	15	3.0	2.0	0.04411764705882353	-31.4
ENST00000319170.10:4090-4152;mfe=-21.60	0	62	3	6	3.0	2.0	0.04838709677419355	-21.6
ENST00000648405.2:1350-1436;mfe=-25.60	0	86	3	12	3.0	2.0	0.03488372093023256	-25.6
ENST00000403263.6:11180-11265;mfe=-29.40	0	85	3	7	3.0	2.0	0.03529411764705882	-29.4
ENST00000368073.7:2440-2503;mfe=-20.50	0	63	4	14	4.0	3.0	0.06349206349206349	-20.5
ENST00000457361.5:9010-9074;mfe=-21.00	0	64	2	5	2.0	1.0	0.03125	-21.0
ENST00000674150.1:70-136;mfe=-20.30	0	66	3	15	3.0	2.0	0.045454545454545456	-20.3
ENST00000271417.8:11740-11815;mfe=-33.80	0	75	1	4	1.0	0.0	0.013333333333333334	-33.8
ENST00000367865.5:11870-11931;mfe=-20.80	0	61	4	12	4.0	3.0	0.06557377049180328	-20.8
ENST00000458599.6:0-65;mfe=-26.30	0	65	3	13	3.0	2.0	0.046153846153846156	-26.3
ENST00000295738.11:1490-1552;mfe=-38.40	0	62	2	8	2.0	1.0	0.03225806451612903	-38.4
ENST00000396698.5:3190-3262;mfe=-43.60	0	72	3	8	3.0	2.0	0.041666666666666664	-43.6
ENST00000464302.1:420-487;mfe=-20.30	0	67	3	15	3.0	2.0	0.04477611940298507	-20.3
ENST00000431622.6:2410-2476;mfe=-22.40	0	66	3	4	3.0	2.0	0.045454545454545456	-22.4
ENST00000538660.5:3140-3234;mfe=-33.90	0	94	3	17	3.0	2.0	0.031914893617021274	-33.9
ENST00000538660.5:3170-3244;mfe=-29.80	0	74	1	8	1.0	0.0	0.013513513513513514	-29.8
ENST00000481003.1:30-126;mfe=-22.80	0	96	3	4	3.0	2.0	0.03125	-22.8
ENST00000367334.9:900-964;mfe=-29.70	0	64	3	15	3.0	2.0	0.046875	-29.7
ENST00000663843.1:1190-1261;mfe=-36.30	0	71	4	11	4.0	3.0	0.056338028169014086	-36.3
ENST00000532460.5:670-732;mfe=-23.50	0	62	2	6	2.0	1.0	0.03225806451612903	-23.5
ENST00000650422.1:2090-2162;mfe=-23.90	0	72	3	8	3.0	2.0	0.041666666666666664	-23.9
ENST00000491070.1:120-184;mfe=-30.20	0	64	3	6	3.0	2.0	0.046875	-30.2
ENST00000367201.7:1920-1984;mfe=-26.10	0	64	3	12	3.0	2.0	0.046875	-26.1
ENST00000367080.8:1950-2014;mfe=-24.70	0	64	2	4	2.0	1.0	0.03125	-24.7
ENST00000498729.8:200-264;mfe=-26.20	0	64	4	9	4.0	3.0	0.0625	-26.2
ENST00000419091.7:2420-2494;mfe=-21.90	0	74	3	8	3.0	2.0	0.04054054054054054	-21.9
ENST00000310931.9:3680-3743;mfe=-20.20	0	63	3	7	3.0	2.0	0.047619047619047616	-20.2
ENST00000366910.10:4060-4125;mfe=-24.80	0	65	2	15	2.0	1.0	0.03076923076923077	-24.8
ENST00000674736.1:3090-3163;mfe=-22.40	0	73	4	20	4.0	3.0	0.0547945205479452	-22.4
ENST00000487758.5:460-539;mfe=-22.00	0	79	1	5	1.0	0.0	0.012658227848101266	-22.0
ENST00000487758.5:470-551;mfe=-28.50	0	81	1	5	1.0	0.0	0.012345679012345678	-28.5
ENST00000468673.5:570-644;mfe=-23.60	0	74	1	5	1.0	0.0	0.013513513513513514	-23.6
ENST00000485462.5:410-471;mfe=-22.40	0	61	4	7	4.0	3.0	0.06557377049180328	-22.4
ENST00000391860.7:9470-9547;mfe=-25.20	0	77	3	10	3.0	2.0	0.03896103896103896	-25.2
ENST00000391860.7:9650-9732;mfe=-30.40	0	82	4	10	4.0	3.0	0.04878048780487805	-30.4
ENST00000602956.5:30-93;mfe=-20.70	0	63	4	12	4.0	3.0	0.06349206349206349	-20.7
ENST00000225525.4:700-762;mfe=-28.10	0	62	4	13	4.0	3.0	0.06451612903225806	-28.1
ENST00000575815.5:810-889;mfe=-29.20	0	79	2	8	2.0	1.0	0.02531645569620253	-29.2
ENST00000575815.5:850-937;mfe=-28.60	0	87	1	6	1.0	0.0	0.011494252873563218	-28.6
ENST00000575815.5:920-1000;mfe=-24.40	0	80	2	6	2.0	1.0	0.025	-24.4
ENST00000570526.1:10-78;mfe=-28.60	0	68	3	4	3.0	2.0	0.04411764705882353	-28.6
ENST00000575111.5:1660-1723;mfe=-24.80	0	63	2	22	2.0	1.0	0.031746031746031744	-24.8
ENST00000572795.1:1280-1340;mfe=-25.30	0	60	4	17	4.0	3.0	0.06666666666666667	-25.3
ENST00000436057.5:150-225;mfe=-39.40	0	75	3	14	3.0	2.0	0.04	-39.4
ENST00000321337.12:2450-2516;mfe=-24.90	0	66	1	4	1.0	0.0	0.015151515151515152	-24.9
ENST00000396267.3:7310-7406;mfe=-28.20	0	96	3	3	3.0	2.0	0.03125	-28.2
ENST00000583347.1:260-322;mfe=-22.80	0	62	3	6	3.0	2.0	0.04838709677419355	-22.8
ENST00000489697.1:1180-1261;mfe=-27.00	0	81	1	4	1.0	0.0	0.012345679012345678	-27.0
ENST00000662439.1:2950-3010;mfe=-31.20	0	60	3	8	3.0	2.0	0.05	-31.2
ENST00000582352.1:1290-1358;mfe=-25.20	0	68	3	8	3.0	2.0	0.04411764705882353	-25.2
ENST00000674596.1:1430-1491;mfe=-23.60	0	61	3	8	3.0	2.0	0.04918032786885246	-23.6
ENST00000484980.5:1850-1913;mfe=-41.40	0	63	2	4	2.0	1.0	0.031746031746031744	-41.4
ENST00000470125.5:560-626;mfe=-24.40	0	66	3	18	3.0	2.0	0.045454545454545456	-24.4
ENST00000581348.5:2460-2520;mfe=-29.90	0	60	3	10	3.0	2.0	0.05	-29.9
ENST00000299977.9:3050-3119;mfe=-27.70	0	69	1	6	1.0	0.0	0.014492753623188406	-27.7
ENST00000620260.6:1160-1226;mfe=-24.10	0	66	3	7	3.0	2.0	0.045454545454545456	-24.1
ENST00000352035.7:2640-2701;mfe=-20.40	0	61	3	8	3.0	2.0	0.04918032786885246	-20.4
ENST00000674179.1:1290-1367;mfe=-23.60	0	77	4	12	4.0	3.0	0.05194805194805195	-23.6
ENST00000622892.4:2080-2140;mfe=-23.30	0	60	3	6	3.0	2.0	0.05	-23.3
ENST00000588640.5:10-74;mfe=-30.80	0	64	2	7	2.0	1.0	0.03125	-30.8
ENST00000648792.1:610-671;mfe=-23.80	0	61	3	5	3.0	2.0	0.04918032786885246	-23.8
ENST00000641323.1:1440-1528;mfe=-52.00	0	88	3	7	3.0	2.0	0.03409090909090909	-52.0
ENST00000586178.6:3220-3304;mfe=-25.90	0	84	3	8	3.0	2.0	0.03571428571428571	-25.9
ENST00000577554.5:2080-2140;mfe=-22.50	0	60	3	7	3.0	2.0	0.05	-22.5
ENST00000284116.9:1370-1438;mfe=-43.10	0	68	2	3	2.0	1.0	0.029411764705882353	-43.1
ENST00000424789.6:7290-7369;mfe=-36.10	0	79	4	7	4.0	3.0	0.05063291139240506	-36.1
ENST00000582244.1:110-171;mfe=-21.90	0	61	3	12	3.0	2.0	0.04918032786885246	-21.9
ENST00000456543.6:630-705;mfe=-33.70	0	75	3	7	3.0	2.0	0.04	-33.7
ENST00000580246.1:200-282;mfe=-24.50	0	82	3	21	3.0	2.0	0.036585365853658534	-24.5
ENST00000307078.10:480-544;mfe=-30.50	0	64	3	8	3.0	2.0	0.046875	-30.5
ENST00000424778.1:2410-2477;mfe=-26.00	0	67	4	16	4.0	3.0	0.05970149253731343	-26.0
ENST00000614341.5:2660-2732;mfe=-30.50	0	72	4	6	4.0	3.0	0.05555555555555555	-30.5
ENST00000614341.5:2700-2784;mfe=-38.10	0	84	3	8	3.0	2.0	0.03571428571428571	-38.1
ENST00000402418.7:2200-2269;mfe=-28.20	0	69	3	6	3.0	2.0	0.043478260869565216	-28.2
ENST00000167462.9:70-149;mfe=-32.30	0	79	4	17	4.0	3.0	0.05063291139240506	-32.3
ENST00000589666.6:2560-2636;mfe=-24.30	0	76	3	8	3.0	2.0	0.039473684210526314	-24.3
ENST00000335749.4:3140-3211;mfe=-31.40	0	71	3	18	3.0	2.0	0.04225352112676056	-31.4
ENST00000311595.14:490-553;mfe=-20.40	0	63	3	5	3.0	2.0	0.047619047619047616	-20.4
ENST00000580155.5:140-203;mfe=-24.20	0	63	3	4	3.0	2.0	0.047619047619047616	-24.2
ENST00000570910.1:1400-1469;mfe=-23.70	0	69	3	6	3.0	2.0	0.043478260869565216	-23.7
ENST00000676729.1:1110-1173;mfe=-21.80	0	63	4	9	4.0	3.0	0.06349206349206349	-21.8
ENST00000571730.1:1720-1784;mfe=-27.30	0	64	4	9	4.0	3.0	0.0625	-27.3
ENST00000575069.5:2180-2243;mfe=-28.40	0	63	4	16	4.0	3.0	0.06349206349206349	-28.4
ENST00000578552.5:1690-1750;mfe=-29.40	0	60	3	5	3.0	2.0	0.05	-29.4
ENST00000571796.5:1640-1707;mfe=-29.60	0	67	3	8	3.0	2.0	0.04477611940298507	-29.6
ENST00000463608.5:540-604;mfe=-24.00	0	64	4	8	4.0	3.0	0.0625	-24.0
ENST00000674470.1:3070-3136;mfe=-32.20	0	66	3	3	3.0	2.0	0.045454545454545456	-32.2
ENST00000633756.1:2040-2101;mfe=-25.60	0	61	3	11	3.0	2.0	0.04918032786885246	-25.6
ENST00000453638.3:140-225;mfe=-32.10	0	85	3	6	3.0	2.0	0.03529411764705882	-32.1
ENST00000375465.7:1020-1085;mfe=-22.50	0	65	4	12	4.0	3.0	0.06153846153846154	-22.5
ENST00000613213.4:3740-3801;mfe=-21.30	0	61	3	9	3.0	2.0	0.04918032786885246	-21.3
ENST00000557881.1:0-64;mfe=-27.10	0	64	3	6	3.0	2.0	0.046875	-27.1
ENST00000423995.5:1750-1820;mfe=-24.30	0	70	3	14	3.0	2.0	0.04285714285714286	-24.3
ENST00000579692.1:470-554;mfe=-33.20	0	84	2	4	2.0	1.0	0.023809523809523808	-33.2
ENST00000589352.1:620-695;mfe=-24.20	0	75	4	10	4.0	3.0	0.05333333333333334	-24.2
ENST00000555540.1:130-195;mfe=-32.80	0	65	3	13	3.0	2.0	0.046153846153846156	-32.8
ENST00000512696.1:0-71;mfe=-29.30	0	71	3	8	3.0	2.0	0.04225352112676056	-29.3
ENST00000512696.1:10-73;mfe=-31.80	0	63	3	8	3.0	2.0	0.047619047619047616	-31.8
ENST00000457579.1:920-1020;mfe=-49.20	0	100	3	8	3.0	2.0	0.03	-49.2
ENST00000442570.2:1310-1370;mfe=-20.30	0	60	3	9	3.0	2.0	0.05	-20.3
ENST00000475925.1:230-299;mfe=-25.10	0	69	3	6	3.0	2.0	0.043478260869565216	-25.1
ENST00000439300.1:850-917;mfe=-23.80	0	67	3	17	3.0	2.0	0.04477611940298507	-23.8
ENST00000432149.1:60-127;mfe=-25.50	0	67	2	4	2.0	1.0	0.029850746268656716	-25.5
ENST00000440724.1:80-155;mfe=-22.30	0	75	3	7	3.0	2.0	0.04	-22.3
ENST00000545001.2:420-515;mfe=-67.90	0	95	1	10	1.0	0.0	0.010526315789473684	-67.9
ENST00000467363.1:990-1086;mfe=-41.00	0	96	4	13	4.0	3.0	0.041666666666666664	-41.0
ENST00000456185.1:190-252;mfe=-20.20	0	62	4	7	4.0	3.0	0.06451612903225806	-20.2
ENST00000475753.2:340-400;mfe=-20.80	0	60	4	11	4.0	3.0	0.06666666666666667	-20.8
ENST00000652447.1:2210-2274;mfe=-22.60	0	64	2	7	2.0	1.0	0.03125	-22.6
ENST00000652447.1:2220-2291;mfe=-20.10	0	71	2	9	2.0	1.0	0.028169014084507043	-20.1
ENST00000577672.1:170-233;mfe=-30.90	0	63	2	4	2.0	1.0	0.031746031746031744	-30.9
ENST00000454921.1:80-142;mfe=-30.40	0	62	3	4	3.0	2.0	0.04838709677419355	-30.4
ENST00000554847.2:300-380;mfe=-28.20	0	80	3	11	3.0	2.0	0.0375	-28.2
ENST00000423985.1:100-162;mfe=-21.90	0	62	3	16	3.0	2.0	0.04838709677419355	-21.9
ENST00000505954.1:660-738;mfe=-41.50	0	78	3	8	3.0	2.0	0.038461538461538464	-41.5
ENST00000606962.1:0-66;mfe=-21.00	0	66	3	7	3.0	2.0	0.045454545454545456	-21.0
shuffle_Hsa-Let-7-P1b_pre_5	0	67	4	11	4.0	3.0	0.05970149253731343	-21.7
shuffle_Hsa-Let-7-P1b_pre_9	0	67	5	11	5.0	4.0	0.07462686567164178	-15.4
shuffle_Hsa-Let-7-P1c_pre_2	0	67	7	6	7.0	6.0	0.1044776119402985	-17.5
shuffle_Hsa-Let-7-P1c_pre_4	0	67	4	6	4.0	3.0	0.05970149253731343	-12.4
shuffle_Hsa-Let-7-P1d_pre_0	0	67	6	6	6.0	5.0	0.08955223880597014	-13.2
shuffle_Hsa-Let-7-P1d_pre_3	0	67	8	12	8.0	7.0	0.11940298507462686	-10.2
shuffle_Hsa-Let-7-P1d_pre_4	0	67	3	12	3.0	2.0	0.04477611940298507	-12.5
shuffle_Hsa-Let-7-P1d_pre_6	0	67	7	7	7.0	6.0	0.1044776119402985	-7.2
shuffle_Hsa-Let-7-P1d_pre_8	0	67	6	7	6.0	5.0	0.08955223880597014	-12.2
shuffle_Hsa-Let-7-P2a1_pre_2	0	72	9	9	9.0	8.0	0.125	-10.8
shuffle_Hsa-Let-7-P2a1_pre_4	0	72	8	9	8.0	7.0	0.1111111111111111	-18.8
shuffle_Hsa-Let-7-P2a1_pre_8	0	72	12	4	12.0	11.0	0.16666666666666666	-6.5
shuffle_Hsa-Let-7-P2a1_pre_9	0	72	11	9	11.0	10.0	0.1527777777777778	-14.5
shuffle_Hsa-Let-7-P2a2_pre_2	0	69	6	5	6.0	5.0	0.08695652173913043	-18.5
shuffle_Hsa-Let-7-P2a2_pre_6	0	69	11	5	11.0	10.0	0.15942028985507245	-18.8
shuffle_Hsa-Let-7-P2a3_pre_5	0	71	8	10	8.0	7.0	0.11267605633802817	-11.6
shuffle_Hsa-Let-7-P2a3_pre_9	0	71	4	8	4.0	3.0	0.056338028169014086	-13.9
shuffle_Hsa-Let-7-P2b1_pre_8	0	77	9	9	9.0	8.0	0.11688311688311688	-16.0
shuffle_Hsa-Let-7-P2b2_pre_2	0	75	7	7	7.0	6.0	0.09333333333333334	-19.9
shuffle_Hsa-Let-7-P2b2_pre_4	0	75	9	5	9.0	8.0	0.12	-13.9
shuffle_Hsa-Let-7-P2b2_pre_7	0	75	10	5	10.0	9.0	0.13333333333333333	-18.7
shuffle_Hsa-Let-7-P2c1_pre_5	0	75	10	5	10.0	9.0	0.13333333333333333	-14.9
shuffle_Hsa-Let-7-P2c1_pre_7	0	75	8	6	8.0	7.0	0.10666666666666667	-13.5
shuffle_Hsa-Let-7-P2c2_pre_3	0	77	9	5	9.0	8.0	0.11688311688311688	-20.2
shuffle_Hsa-Let-7-P2c2_pre_8	0	77	9	3	9.0	8.0	0.11688311688311688	-18.8
shuffle_Hsa-Let-7-P2c3_pre_7	0	78	7	8	7.0	6.0	0.08974358974358974	-20.5
shuffle_Hsa-Mir-1-P1_pre_8	0	61	7	6	7.0	6.0	0.11475409836065574	-7.7
shuffle_Hsa-Mir-1-P3_pre_2	0	61	5	8	5.0	4.0	0.08196721311475409	-5.4
shuffle_Hsa-Mir-7-P1_pre_8	0	62	7	8	7.0	6.0	0.11290322580645161	-14.6
shuffle_Hsa-Mir-7-P2_pre_2	0	64	5	6	5.0	4.0	0.078125	-9.6
shuffle_Hsa-Mir-7-P2_pre_3	0	64	7	6	7.0	6.0	0.109375	-7.5
shuffle_Hsa-Mir-7-P2_pre_6	0	64	10	7	10.0	9.0	0.15625	-7.6
shuffle_Hsa-Mir-7-P4_pre_5	0	60	6	7	6.0	5.0	0.1	-8.8
shuffle_Hsa-Mir-7-P4_pre_6	0	60	7	9	7.0	6.0	0.11666666666666667	-10.6
shuffle_Hsa-Mir-7-P4_pre_8	0	60	9	6	9.0	8.0	0.15	-11.7
shuffle_Hsa-Mir-8-P1a_pre_0	0	59	9	6	9.0	8.0	0.15254237288135594	-7.2
shuffle_Hsa-Mir-8-P1a_pre_1	0	59	4	16	4.0	3.0	0.06779661016949153	-14.7
shuffle_Hsa-Mir-8-P1a_pre_7	0	59	7	6	7.0	6.0	0.11864406779661017	-16.1
shuffle_Hsa-Mir-8-P1b_pre_0	0	62	5	7	5.0	4.0	0.08064516129032258	-14.8
shuffle_Hsa-Mir-8-P1b_pre_3	0	62	5	8	5.0	4.0	0.08064516129032258	-17.1
shuffle_Hsa-Mir-8-P1b_pre_8	0	62	5	12	5.0	4.0	0.08064516129032258	-15.7
shuffle_Hsa-Mir-8-P1b_pre_9	0	62	6	4	6.0	5.0	0.0967741935483871	-13.8
shuffle_Hsa-Mir-8-P2b_pre_2	0	65	8	7	8.0	7.0	0.12307692307692308	-13.6
shuffle_Hsa-Mir-8-P2b_pre_6	0	65	6	5	6.0	5.0	0.09230769230769231	-12.8
shuffle_Hsa-Mir-8-P3a_pre_4	0	57	6	5	6.0	5.0	0.10526315789473684	-10.4
shuffle_Hsa-Mir-8-P3a_pre_5	0	57	7	11	7.0	6.0	0.12280701754385964	-8.9
shuffle_Hsa-Mir-8-P3a_pre_9	0	57	7	8	7.0	6.0	0.12280701754385964	-10.6
shuffle_Hsa-Mir-9-P1_pre_1	0	62	10	5	10.0	9.0	0.16129032258064516	-10.9
shuffle_Hsa-Mir-9-P2_pre_2	0	60	7	4	7.0	6.0	0.11666666666666667	-9.5
shuffle_Hsa-Mir-9-P2_pre_9	0	60	3	6	3.0	2.0	0.05	-10.2
shuffle_Hsa-Mir-9-P3_pre_9	0	62	7	6	7.0	6.0	0.11290322580645161	-9.9
shuffle_Hsa-Mir-10-P1c-v1_pre_3	0	63	5	8	5.0	4.0	0.07936507936507936	-8.0
shuffle_Hsa-Mir-10-P1c-v1_pre_6	0	63	8	7	8.0	7.0	0.12698412698412698	-12.2
shuffle_Hsa-Mir-10-P2b_pre_1	0	60	4	8	4.0	3.0	0.06666666666666667	-22.1
shuffle_Hsa-Mir-10-P2c_pre_2	0	59	6	9	6.0	5.0	0.1016949152542373	-15.6
shuffle_Hsa-Mir-10-P2c_pre_9	0	59	8	6	8.0	7.0	0.13559322033898305	-14.7
shuffle_Hsa-Mir-10-P2d_pre_5	0	57	7	20	7.0	6.0	0.12280701754385964	-6.4
shuffle_Hsa-Mir-10-P2d_pre_7	0	57	7	4	7.0	6.0	0.12280701754385964	-9.0
shuffle_Hsa-Mir-10-P3b_pre_6	0	60	8	5	8.0	7.0	0.13333333333333333	-17.3
shuffle_Hsa-Mir-10-P3b_pre_7	0	60	8	8	8.0	7.0	0.13333333333333333	-15.7
shuffle_Hsa-Mir-10-P3c_pre_0	0	61	5	6	5.0	4.0	0.08196721311475409	-11.7
shuffle_Hsa-Mir-10-P3c_pre_1	0	61	6	22	6.0	5.0	0.09836065573770492	-9.5
shuffle_Hsa-Mir-10-P3c_pre_4	0	61	5	10	5.0	4.0	0.08196721311475409	-13.3
shuffle_Hsa-Mir-10-P3d_pre_1	0	62	5	6	5.0	4.0	0.08064516129032258	-14.5
shuffle_Hsa-Mir-10-P3d_pre_7	0	62	5	6	5.0	4.0	0.08064516129032258	-12.1
shuffle_Hsa-Mir-15-P1a_pre_9	0	59	5	3	5.0	4.0	0.0847457627118644	-12.5
shuffle_Hsa-Mir-15-P1b_pre_1	0	60	4	9	4.0	3.0	0.06666666666666667	-8.8
shuffle_Hsa-Mir-15-P1b_pre_4	0	60	3	13	3.0	2.0	0.05	-5.1
shuffle_Hsa-Mir-15-P1b_pre_9	0	60	5	12	5.0	4.0	0.08333333333333333	-11.9
shuffle_Hsa-Mir-15-P1c_pre_6	0	59	2	11	2.0	1.0	0.03389830508474576	-8.0
shuffle_Hsa-Mir-15-P1d_pre_1	0	62	6	7	6.0	5.0	0.0967741935483871	-13.9
shuffle_Hsa-Mir-15-P1d_pre_2	0	62	8	5	8.0	7.0	0.12903225806451613	-7.9
shuffle_Hsa-Mir-15-P1d_pre_3	0	62	6	16	6.0	5.0	0.0967741935483871	-15.9
shuffle_Hsa-Mir-15-P1d_pre_9	0	62	8	6	8.0	7.0	0.12903225806451613	-12.5
shuffle_Hsa-Mir-15-P2a_pre_5	0	65	3	8	3.0	2.0	0.046153846153846156	-12.0
shuffle_Hsa-Mir-15-P2b_pre_3	0	65	6	5	6.0	5.0	0.09230769230769231	-7.8
shuffle_Hsa-Mir-15-P2c_pre_0	0	63	5	8	5.0	4.0	0.07936507936507936	-17.9
shuffle_Hsa-Mir-15-P2c_pre_1	0	63	7	9	7.0	6.0	0.1111111111111111	-17.6
shuffle_Hsa-Mir-15-P2c_pre_4	0	63	7	5	7.0	6.0	0.1111111111111111	-18.8
shuffle_Hsa-Mir-15-P2c_pre_8	0	63	7	5	7.0	6.0	0.1111111111111111	-20.7
shuffle_Hsa-Mir-15-P2c_pre_9	0	63	6	4	6.0	5.0	0.09523809523809523	-17.0
shuffle_Hsa-Mir-15-P2d_pre_2	0	61	2	8	2.0	1.0	0.03278688524590164	-15.7
shuffle_Hsa-Mir-15-P2d_pre_7	0	61	9	8	9.0	8.0	0.14754098360655737	-15.6
shuffle_Hsa-Mir-15-P2d_pre_9	0	61	10	7	10.0	9.0	0.16393442622950818	-9.2
shuffle_Hsa-Mir-17-P1a_pre_4	0	60	9	4	9.0	8.0	0.15	-14.7
shuffle_Hsa-Mir-17-P1a_pre_6	0	60	3	9	3.0	2.0	0.05	-12.6
shuffle_Hsa-Mir-17-P1a_pre_9	0	60	4	8	4.0	3.0	0.06666666666666667	-8.3
shuffle_Hsa-Mir-17-P1d_pre_0	0	62	8	7	8.0	7.0	0.12903225806451613	-20.2
shuffle_Hsa-Mir-17-P1d_pre_9	0	62	7	6	7.0	6.0	0.11290322580645161	-17.2
shuffle_Hsa-Mir-17-P2a_pre_0	0	65	6	7	6.0	5.0	0.09230769230769231	-13.6
shuffle_Hsa-Mir-17-P2a_pre_6	0	65	7	5	7.0	6.0	0.1076923076923077	-11.7
shuffle_Hsa-Mir-17-P2a_pre_9	0	65	4	12	4.0	3.0	0.06153846153846154	-13.1
shuffle_Hsa-Mir-17-P2c_pre_2	0	65	6	10	6.0	5.0	0.09230769230769231	-15.4
shuffle_Hsa-Mir-17-P4d_pre_6	0	62	5	6	5.0	4.0	0.08064516129032258	-12.9
shuffle_Hsa-Mir-17-P4d_pre_7	0	62	5	6	5.0	4.0	0.08064516129032258	-15.0
shuffle_Hsa-Mir-19-P1a_pre_3	0	58	5	7	5.0	4.0	0.08620689655172414	-7.1
shuffle_Hsa-Mir-19-P1a_pre_9	0	58	8	7	8.0	7.0	0.13793103448275862	-6.5
shuffle_Hsa-Mir-19-P2a_pre_0	0	61	4	12	4.0	3.0	0.06557377049180328	-9.3
shuffle_Hsa-Mir-19-P2a_pre_3	0	61	4	13	4.0	3.0	0.06557377049180328	-11.3
shuffle_Hsa-Mir-19-P2a_pre_5	0	61	4	4	4.0	3.0	0.06557377049180328	-13.3
shuffle_Hsa-Mir-19-P2a_pre_6	0	61	3	9	3.0	2.0	0.04918032786885246	-8.5
shuffle_Hsa-Mir-19-P2a_pre_7	0	61	7	8	7.0	6.0	0.11475409836065574	-6.7
shuffle_Hsa-Mir-19-P2c_pre_5	0	66	7	5	7.0	6.0	0.10606060606060606	-13.5
shuffle_Hsa-Mir-21_pre_5	0	60	6	4	6.0	5.0	0.1	-10.7
shuffle_Hsa-Mir-21_pre_8	0	60	7	7	7.0	6.0	0.11666666666666667	-14.4
shuffle_Hsa-Mir-22-P1b_pre_3	0	60	7	7	7.0	6.0	0.11666666666666667	-7.3
shuffle_Hsa-Mir-23-P3_pre_4	0	59	9	6	9.0	8.0	0.15254237288135594	-13.4
shuffle_Hsa-Mir-23-P3_pre_5	0	59	4	16	4.0	3.0	0.06779661016949153	-11.6
shuffle_Hsa-Mir-24-P2_pre_0	0	60	8	5	8.0	7.0	0.13333333333333333	-7.3
shuffle_Hsa-Mir-24-P2_pre_7	0	60	5	4	5.0	4.0	0.08333333333333333	-12.8
shuffle_Hsa-Mir-24-P3_pre_1	0	60	6	4	6.0	5.0	0.1	-10.1
shuffle_Hsa-Mir-26-P1_pre_6	0	61	6	6	6.0	5.0	0.09836065573770492	-15.7
shuffle_Hsa-Mir-26-P1_pre_7	0	61	6	20	6.0	5.0	0.09836065573770492	-14.3
shuffle_Hsa-Mir-26-P2_pre_2	0	57	6	9	6.0	5.0	0.10526315789473684	-7.6
shuffle_Hsa-Mir-26-P2_pre_3	0	57	2	24	2.0	1.0	0.03508771929824561	-9.1
shuffle_Hsa-Mir-26-P2_pre_6	0	57	3	6	3.0	2.0	0.05263157894736842	-9.6
shuffle_Hsa-Mir-26-P4_pre_1	0	60	6	8	6.0	5.0	0.1	-10.4
shuffle_Hsa-Mir-27-P2_pre_2	0	63	5	4	5.0	4.0	0.07936507936507936	-15.4
shuffle_Hsa-Mir-27-P2_pre_3	0	63	6	8	6.0	5.0	0.09523809523809523	-13.8
shuffle_Hsa-Mir-27-P3_pre_2	0	62	5	8	5.0	4.0	0.08064516129032258	-18.1
shuffle_Hsa-Mir-27-P3_pre_3	0	62	6	11	6.0	5.0	0.0967741935483871	-15.2
shuffle_Hsa-Mir-28_pre_4	0	62	7	8	7.0	6.0	0.11290322580645161	-11.6
shuffle_Hsa-Mir-28_pre_5	0	62	4	13	4.0	3.0	0.06451612903225806	-10.7
shuffle_Hsa-Mir-28_pre_9	0	62	4	18	4.0	3.0	0.06451612903225806	-10.3
shuffle_Hsa-Mir-29-P1b-v1_pre_6	0	64	7	5	7.0	6.0	0.109375	-9.7
shuffle_Hsa-Mir-29-P1b-v1_pre_7	0	64	5	5	5.0	4.0	0.078125	-13.0
shuffle_Hsa-Mir-29-P1b-v1_pre_9	0	64	3	20	3.0	2.0	0.046875	-5.4
shuffle_Hsa-Mir-29-P1d-v1_pre_5	0	65	6	8	6.0	5.0	0.09230769230769231	-8.0
shuffle_Hsa-Mir-29-P2d_pre_3	0	58	5	7	5.0	4.0	0.08620689655172414	-8.2
shuffle_Hsa-Mir-30-P1a_pre_0	0	62	5	10	5.0	4.0	0.08064516129032258	-9.5
shuffle_Hsa-Mir-30-P1a_pre_5	0	62	9	4	9.0	8.0	0.14516129032258066	-8.7
shuffle_Hsa-Mir-30-P1b_pre_7	0	63	7	4	7.0	6.0	0.1111111111111111	-18.5
shuffle_Hsa-Mir-30-P1d_pre_7	0	64	3	8	3.0	2.0	0.046875	-17.0
shuffle_Hsa-Mir-30-P2a_pre_2	0	60	6	10	6.0	5.0	0.1	-12.2
shuffle_Hsa-Mir-30-P2a_pre_3	0	60	9	6	9.0	8.0	0.15	-12.2
shuffle_Hsa-Mir-30-P2a_pre_4	0	60	10	6	10.0	9.0	0.16666666666666666	-7.0
shuffle_Hsa-Mir-30-P2a_pre_8	0	60	4	8	4.0	3.0	0.06666666666666667	-10.6
shuffle_Hsa-Mir-30-P2b_pre_0	0	62	5	11	5.0	4.0	0.08064516129032258	-13.9
shuffle_Hsa-Mir-30-P2b_pre_7	0	62	4	8	4.0	3.0	0.06451612903225806	-14.4
shuffle_Hsa-Mir-30-P2b_pre_8	0	62	8	6	8.0	7.0	0.12903225806451613	-14.5
shuffle_Hsa-Mir-30-P2b_pre_9	0	62	8	12	8.0	7.0	0.12903225806451613	-8.2
shuffle_Hsa-Mir-30-P2d_pre_9	0	61	5	9	5.0	4.0	0.08196721311475409	-19.1
shuffle_Hsa-Mir-31_pre_0	0	59	9	4	9.0	8.0	0.15254237288135594	-10.4
shuffle_Hsa-Mir-31_pre_6	0	59	6	4	6.0	5.0	0.1016949152542373	-13.1
shuffle_Hsa-Mir-33-P1_pre_1	0	59	12	6	12.0	11.0	0.2033898305084746	-25.0
shuffle_Hsa-Mir-33-P1_pre_2	0	59	14	3	14.0	13.0	0.23728813559322035	-13.5
shuffle_Hsa-Mir-33-P1_pre_4	0	59	7	6	7.0	6.0	0.11864406779661017	-21.6
shuffle_Hsa-Mir-33-P3_pre_1	0	61	8	4	8.0	7.0	0.13114754098360656	-9.3
shuffle_Hsa-Mir-33-P3_pre_2	0	61	4	9	4.0	3.0	0.06557377049180328	-13.6
shuffle_Hsa-Mir-33-P3_pre_4	0	61	9	4	9.0	8.0	0.14754098360655737	-8.8
shuffle_Hsa-Mir-34-P1_pre_8	0	65	8	9	8.0	7.0	0.12307692307692308	-11.9
shuffle_Hsa-Mir-34-P2a_pre_0	0	59	6	5	6.0	5.0	0.1016949152542373	-12.2
shuffle_Hsa-Mir-34-P2a_pre_1	0	59	8	12	8.0	7.0	0.13559322033898305	-7.9
shuffle_Hsa-Mir-34-P2a_pre_5	0	59	3	16	3.0	2.0	0.05084745762711865	-15.5
shuffle_Hsa-Mir-34-P2b_pre_0	0	55	5	6	5.0	4.0	0.09090909090909091	-6.8
shuffle_Hsa-Mir-34-P2b_pre_1	0	55	7	7	7.0	6.0	0.12727272727272726	-14.2
shuffle_Hsa-Mir-34-P2b_pre_3	0	55	3	8	3.0	2.0	0.05454545454545454	-5.3
shuffle_Hsa-Mir-34-P2b_pre_9	0	55	5	6	5.0	4.0	0.09090909090909091	-12.5
shuffle_Hsa-Mir-34-P3a-v1_pre_2	0	58	4	3	4.0	3.0	0.06896551724137931	-6.9
shuffle_Hsa-Mir-34-P3a-v1_pre_6	0	58	9	5	9.0	8.0	0.15517241379310345	-8.0
shuffle_Hsa-Mir-34-P3a-v1_pre_7	0	58	5	9	5.0	4.0	0.08620689655172414	-14.9
shuffle_Hsa-Mir-34-P3b_pre_2	0	60	7	5	7.0	6.0	0.11666666666666667	-16.5
shuffle_Hsa-Mir-34-P3b_pre_4	0	60	5	8	5.0	4.0	0.08333333333333333	-14.9
shuffle_Hsa-Mir-34-P3b_pre_8	0	60	6	8	6.0	5.0	0.1	-10.9
shuffle_Hsa-Mir-92-P1a_pre_7	0	59	5	6	5.0	4.0	0.0847457627118644	-12.9
shuffle_Hsa-Mir-92-P1c_pre_0	0	61	3	9	3.0	2.0	0.04918032786885246	-14.1
shuffle_Hsa-Mir-92-P1c_pre_5	0	61	3	12	3.0	2.0	0.04918032786885246	-10.7
shuffle_Hsa-Mir-92-P1c_pre_6	0	61	6	9	6.0	5.0	0.09836065573770492	-12.5
shuffle_Hsa-Mir-92-P1c_pre_7	0	61	5	14	5.0	4.0	0.08196721311475409	-11.6
shuffle_Hsa-Mir-92-P1d_pre_0	0	63	7	4	7.0	6.0	0.1111111111111111	-18.5
shuffle_Hsa-Mir-92-P1d_pre_4	0	63	8	4	8.0	7.0	0.12698412698412698	-16.7
shuffle_Hsa-Mir-92-P1d_pre_5	0	63	7	8	7.0	6.0	0.1111111111111111	-19.3
shuffle_Hsa-Mir-92-P2a_pre_0	0	60	7	4	7.0	6.0	0.11666666666666667	-8.3
shuffle_Hsa-Mir-92-P2c_pre_5	0	65	6	5	6.0	5.0	0.09230769230769231	-19.8
shuffle_Hsa-Mir-92-P2c_pre_6	0	65	10	13	10.0	9.0	0.15384615384615385	-8.4
shuffle_Hsa-Mir-92-P2d_pre_0	0	60	6	6	6.0	5.0	0.1	-15.0
shuffle_Hsa-Mir-92-P2d_pre_6	0	60	5	9	5.0	4.0	0.08333333333333333	-17.5
shuffle_Hsa-Mir-92-P2d_pre_8	0	60	7	8	7.0	6.0	0.11666666666666667	-14.1
shuffle_Hsa-Mir-92-P2d_pre_9	0	60	7	5	7.0	6.0	0.11666666666666667	-15.5
shuffle_Hsa-Mir-95_pre_2	0	57	5	7	5.0	4.0	0.08771929824561403	-10.3
shuffle_Hsa-Mir-96-P2_pre_8	0	65	5	8	5.0	4.0	0.07692307692307693	-14.8
shuffle_Hsa-Mir-96-P3-v1_pre_2	0	62	5	19	5.0	4.0	0.08064516129032258	-8.6
shuffle_Hsa-Mir-96-P3-v1_pre_4	0	62	7	11	7.0	6.0	0.11290322580645161	-10.4
shuffle_Hsa-Mir-101-P1-v1_pre_4	0	59	6	6	6.0	5.0	0.1016949152542373	-11.9
shuffle_Hsa-Mir-101-P1-v1_pre_9	0	59	5	15	5.0	4.0	0.0847457627118644	-7.7
shuffle_Hsa-Mir-101-P2-v1_pre_7	0	59	7	7	7.0	6.0	0.11864406779661017	-9.0
shuffle_Hsa-Mir-103-P1_pre_3	0	60	6	5	6.0	5.0	0.1	-11.2
shuffle_Hsa-Mir-103-P1_pre_4	0	60	5	11	5.0	4.0	0.08333333333333333	-8.7
shuffle_Hsa-Mir-103-P1_pre_6	0	60	5	10	5.0	4.0	0.08333333333333333	-9.4
shuffle_Hsa-Mir-103-P4_pre_2	0	60	9	6	9.0	8.0	0.15	-6.1
shuffle_Hsa-Mir-103-P4_pre_6	0	60	7	7	7.0	6.0	0.11666666666666667	-9.3
shuffle_Hsa-Mir-103-P4_pre_7	0	60	8	5	8.0	7.0	0.13333333333333333	-9.2
shuffle_Hsa-Mir-105-P1_pre_2	0	59	4	5	4.0	3.0	0.06779661016949153	-15.7
shuffle_Hsa-Mir-105-P1_pre_3	0	59	7	5	7.0	6.0	0.11864406779661017	-12.7
shuffle_Hsa-Mir-105-P1_pre_4	0	59	6	4	6.0	5.0	0.1016949152542373	-15.9
shuffle_Hsa-Mir-105-P1_pre_5	0	59	7	5	7.0	6.0	0.11864406779661017	-15.9
shuffle_Hsa-Mir-105-P1_pre_7	0	59	7	6	7.0	6.0	0.11864406779661017	-12.9
shuffle_Hsa-Mir-105-P2_pre_6	0	59	8	7	8.0	7.0	0.13559322033898305	-12.1
shuffle_Hsa-Mir-122_pre_9	0	58	5	8	5.0	4.0	0.08620689655172414	-11.3
shuffle_Hsa-Mir-124-P1-v1_pre_1	0	59	3	28	3.0	2.0	0.05084745762711865	-5.9
shuffle_Hsa-Mir-124-P1-v1_pre_2	0	59	9	15	9.0	8.0	0.15254237288135594	-6.6
shuffle_Hsa-Mir-124-P1-v1_pre_3	0	59	7	8	7.0	6.0	0.11864406779661017	-14.7
shuffle_Hsa-Mir-124-P2-v1_pre_2	0	61	6	17	6.0	5.0	0.09836065573770492	-5.8
shuffle_Hsa-Mir-124-P2-v1_pre_4	0	61	2	8	2.0	1.0	0.03278688524590164	-8.6
shuffle_Hsa-Mir-124-P2-v1_pre_6	0	61	8	5	8.0	7.0	0.13114754098360656	-15.1
shuffle_Hsa-Mir-124-P2-v1_pre_8	0	61	5	9	5.0	4.0	0.08196721311475409	-7.3
shuffle_Hsa-Mir-126-P2-v1_pre_1	0	59	5	11	5.0	4.0	0.0847457627118644	-8.2
shuffle_Hsa-Mir-127_pre_7	0	56	6	10	6.0	5.0	0.10714285714285714	-12.4
shuffle_Hsa-Mir-128-P1_pre_5	0	58	5	6	5.0	4.0	0.08620689655172414	-14.4
shuffle_Hsa-Mir-128-P1_pre_6	0	58	7	6	7.0	6.0	0.1206896551724138	-12.1
shuffle_Hsa-Mir-128-P1_pre_8	0	58	6	15	6.0	5.0	0.10344827586206896	-13.3
shuffle_Hsa-Mir-128-P2_pre_3	0	56	6	8	6.0	5.0	0.10714285714285714	-11.9
shuffle_Hsa-Mir-128-P2_pre_8	0	56	5	5	5.0	4.0	0.08928571428571429	-8.9
shuffle_Hsa-Mir-129-P1_pre_0	0	64	8	10	8.0	7.0	0.125	-10.9
shuffle_Hsa-Mir-129-P1_pre_1	0	64	6	9	6.0	5.0	0.09375	-7.9
shuffle_Hsa-Mir-129-P2_pre_1	0	66	8	4	8.0	7.0	0.12121212121212122	-13.5
shuffle_Hsa-Mir-130-P1c_pre_5	0	62	5	12	5.0	4.0	0.08064516129032258	-12.9
shuffle_Hsa-Mir-130-P1c_pre_7	0	62	8	4	8.0	7.0	0.12903225806451613	-9.3
shuffle_Hsa-Mir-130-P2a_pre_4	0	60	8	7	8.0	7.0	0.13333333333333333	-8.5
shuffle_Hsa-Mir-130-P2b_pre_1	0	62	5	13	5.0	4.0	0.08064516129032258	-6.9
shuffle_Hsa-Mir-130-P2b_pre_4	0	62	7	6	7.0	6.0	0.11290322580645161	-7.7
shuffle_Hsa-Mir-130-P2b_pre_9	0	62	6	5	6.0	5.0	0.0967741935483871	-10.6
shuffle_Hsa-Mir-130-P3b_pre_7	0	65	3	7	3.0	2.0	0.046153846153846156	-13.5
shuffle_Hsa-Mir-130-P4a_pre_1	0	60	6	5	6.0	5.0	0.1	-17.5
shuffle_Hsa-Mir-132-P2_pre_1	0	62	8	11	8.0	7.0	0.12903225806451613	-12.0
shuffle_Hsa-Mir-132-P2_pre_4	0	62	7	6	7.0	6.0	0.11290322580645161	-13.7
shuffle_Hsa-Mir-132-P2_pre_6	0	62	8	9	8.0	7.0	0.12903225806451613	-16.2
shuffle_Hsa-Mir-133-P1-v1_pre_7	0	60	5	18	5.0	4.0	0.08333333333333333	-8.7
shuffle_Hsa-Mir-133-P1-v1_pre_9	0	60	6	8	6.0	5.0	0.1	-14.8
shuffle_Hsa-Mir-133-P2-v1_pre_5	0	59	6	6	6.0	5.0	0.1016949152542373	-9.7
shuffle_Hsa-Mir-133-P3-v1_pre_3	0	60	4	13	4.0	3.0	0.06666666666666667	-13.9
shuffle_Hsa-Mir-133-P3-v1_pre_5	0	60	5	8	5.0	4.0	0.08333333333333333	-8.2
shuffle_Hsa-Mir-133-P3-v1_pre_8	0	60	5	11	5.0	4.0	0.08333333333333333	-6.6
shuffle_Hsa-Mir-134_pre_3	0	61	10	6	10.0	9.0	0.16393442622950818	-17.3
shuffle_Hsa-Mir-134_pre_7	0	61	4	8	4.0	3.0	0.06557377049180328	-16.6
shuffle_Hsa-Mir-135-P1_pre_1	0	60	4	10	4.0	3.0	0.06666666666666667	-9.2
shuffle_Hsa-Mir-135-P1_pre_2	0	60	4	5	4.0	3.0	0.06666666666666667	-12.1
shuffle_Hsa-Mir-135-P1_pre_3	0	60	4	4	4.0	3.0	0.06666666666666667	-12.8
shuffle_Hsa-Mir-135-P2_pre_9	0	60	8	5	8.0	7.0	0.13333333333333333	-7.0
shuffle_Hsa-Mir-135-P4_pre_4	0	61	7	6	7.0	6.0	0.11475409836065574	-9.9
shuffle_Hsa-Mir-135-P4_pre_7	0	61	6	7	6.0	5.0	0.09836065573770492	-6.9
shuffle_Hsa-Mir-135-P4_pre_8	0	61	8	8	8.0	7.0	0.13114754098360656	-9.0
shuffle_Hsa-Mir-136-v1_pre_1	0	56	6	4	6.0	5.0	0.10714285714285714	-10.1
shuffle_Hsa-Mir-136-v1_pre_8	0	56	4	10	4.0	3.0	0.07142857142857142	-8.4
shuffle_Hsa-Mir-138-P1_pre_0	0	61	8	8	8.0	7.0	0.13114754098360656	-13.7
shuffle_Hsa-Mir-138-P1_pre_1	0	61	6	9	6.0	5.0	0.09836065573770492	-14.4
shuffle_Hsa-Mir-138-P1_pre_3	0	61	7	9	7.0	6.0	0.11475409836065574	-10.3
shuffle_Hsa-Mir-138-P1_pre_4	0	61	6	8	6.0	5.0	0.09836065573770492	-16.8
shuffle_Hsa-Mir-138-P1_pre_9	0	61	10	5	10.0	9.0	0.16393442622950818	-16.6
shuffle_Hsa-Mir-138-P2_pre_2	0	68	8	6	8.0	7.0	0.11764705882352941	-22.0
shuffle_Hsa-Mir-140-P2-v1_pre_7	0	62	6	7	6.0	5.0	0.0967741935483871	-13.2
shuffle_Hsa-Mir-140-P2-v1_pre_9	0	62	6	7	6.0	5.0	0.0967741935483871	-20.3
shuffle_Hsa-Mir-142-P2-v1_pre_5	0	59	3	3	3.0	2.0	0.05084745762711865	-6.5
shuffle_Hsa-Mir-143_pre_3	0	55	7	7	7.0	6.0	0.12727272727272726	-11.4
shuffle_Hsa-Mir-143_pre_5	0	55	6	16	6.0	5.0	0.10909090909090909	-13.1
shuffle_Hsa-Mir-144-v1_pre_1	0	58	5	6	5.0	4.0	0.08620689655172414	-3.4
shuffle_Hsa-Mir-144-v1_pre_3	0	58	5	8	5.0	4.0	0.08620689655172414	-6.2
shuffle_Hsa-Mir-145_pre_3	0	60	6	7	6.0	5.0	0.1	-11.9
shuffle_Hsa-Mir-145_pre_5	0	60	4	7	4.0	3.0	0.06666666666666667	-13.0
shuffle_Hsa-Mir-146-P1_pre_0	0	59	9	3	9.0	8.0	0.15254237288135594	-9.5
shuffle_Hsa-Mir-146-P1_pre_1	0	59	5	7	5.0	4.0	0.0847457627118644	-14.7
shuffle_Hsa-Mir-146-P1_pre_6	0	59	5	6	5.0	4.0	0.0847457627118644	-13.0
shuffle_Hsa-Mir-147-v1_pre_0	0	60	7	6	7.0	6.0	0.11666666666666667	-6.9
shuffle_Hsa-Mir-147-v1_pre_2	0	60	5	7	5.0	4.0	0.08333333333333333	-14.1
shuffle_Hsa-Mir-147-v1_pre_4	0	60	10	6	10.0	9.0	0.16666666666666666	-14.6
shuffle_Hsa-Mir-148-P1_pre_3	0	60	6	13	6.0	5.0	0.1	-5.3
shuffle_Hsa-Mir-148-P1_pre_4	0	60	5	7	5.0	4.0	0.08333333333333333	-9.8
shuffle_Hsa-Mir-148-P3_pre_1	0	59	5	6	5.0	4.0	0.0847457627118644	-13.1
shuffle_Hsa-Mir-148-P3_pre_9	0	59	5	6	5.0	4.0	0.0847457627118644	-17.5
shuffle_Hsa-Mir-148-P4_pre_0	0	61	7	6	7.0	6.0	0.11475409836065574	-11.8
shuffle_Hsa-Mir-148-P4_pre_5	0	61	5	12	5.0	4.0	0.08196721311475409	-10.9
shuffle_Hsa-Mir-148-P4_pre_6	0	61	6	8	6.0	5.0	0.09836065573770492	-13.9
shuffle_Hsa-Mir-149_pre_1	0	62	4	8	4.0	3.0	0.06451612903225806	-22.9
shuffle_Hsa-Mir-149_pre_3	0	62	9	4	9.0	8.0	0.14516129032258066	-21.0
shuffle_Hsa-Mir-149_pre_4	0	62	7	4	7.0	6.0	0.11290322580645161	-22.3
shuffle_Hsa-Mir-149_pre_9	0	62	8	4	8.0	7.0	0.12903225806451613	-24.9
shuffle_Hsa-Mir-150_pre_1	0	56	6	4	6.0	5.0	0.10714285714285714	-14.5
shuffle_Hsa-Mir-150_pre_8	0	56	6	8	6.0	5.0	0.10714285714285714	-17.0
shuffle_Hsa-Mir-151_pre_5	0	57	6	7	6.0	5.0	0.10526315789473684	-8.3
shuffle_Hsa-Mir-153-P1_pre_0	0	61	9	4	9.0	8.0	0.14754098360655737	-10.5
shuffle_Hsa-Mir-153-P2_pre_1	0	60	1	15	1.0	0.0	0.016666666666666666	-3.1
shuffle_Hsa-Mir-153-P2_pre_3	0	60	6	8	6.0	5.0	0.1	-6.2
shuffle_Hsa-Mir-153-P2_pre_4	0	60	9	6	9.0	8.0	0.15	-8.4
shuffle_Hsa-Mir-153-P2_pre_5	0	60	3	14	3.0	2.0	0.05	-9.5
shuffle_Hsa-Mir-153-P2_pre_7	0	60	7	6	7.0	6.0	0.11666666666666667	-7.3
shuffle_Hsa-Mir-154-P1_pre_2	0	59	6	11	6.0	5.0	0.1016949152542373	-8.1
shuffle_Hsa-Mir-154-P1_pre_3	0	59	4	8	4.0	3.0	0.06779661016949153	-11.4
shuffle_Hsa-Mir-154-P1_pre_5	0	59	7	4	7.0	6.0	0.11864406779661017	-7.9
shuffle_Hsa-Mir-154-P1_pre_7	0	59	4	4	4.0	3.0	0.06779661016949153	-14.1
shuffle_Hsa-Mir-154-P2-v1_pre_5	0	56	4	6	4.0	3.0	0.07142857142857142	-10.9
shuffle_Hsa-Mir-154-P2-v1_pre_7	0	56	9	3	9.0	8.0	0.16071428571428573	-9.9
shuffle_Hsa-Mir-154-P2-v1_pre_9	0	56	9	4	9.0	8.0	0.16071428571428573	-5.5
shuffle_Hsa-Mir-154-P3-v1_pre_0	0	55	6	4	6.0	5.0	0.10909090909090909	-12.0
shuffle_Hsa-Mir-154-P3-v1_pre_1	0	55	9	5	9.0	8.0	0.16363636363636364	-5.9
shuffle_Hsa-Mir-154-P3-v1_pre_2	0	55	2	4	2.0	1.0	0.03636363636363636	-9.9
shuffle_Hsa-Mir-154-P3-v1_pre_3	0	55	2	6	2.0	1.0	0.03636363636363636	-6.6
shuffle_Hsa-Mir-154-P3-v1_pre_5	0	55	5	7	5.0	4.0	0.09090909090909091	-11.4
shuffle_Hsa-Mir-154-P3-v1_pre_9	0	55	6	6	6.0	5.0	0.10909090909090909	-8.7
shuffle_Hsa-Mir-154-P5_pre_0	0	56	5	15	5.0	4.0	0.08928571428571429	-13.3
shuffle_Hsa-Mir-154-P5_pre_2	0	56	7	5	7.0	6.0	0.125	-5.1
shuffle_Hsa-Mir-154-P5_pre_3	0	56	5	4	5.0	4.0	0.08928571428571429	-12.1
shuffle_Hsa-Mir-154-P5_pre_4	0	56	5	5	5.0	4.0	0.08928571428571429	-12.4
shuffle_Hsa-Mir-154-P6a-v1_pre_8	0	56	10	7	10.0	9.0	0.17857142857142858	-13.7
shuffle_Hsa-Mir-154-P6b_pre_0	0	57	7	6	7.0	6.0	0.12280701754385964	-8.7
shuffle_Hsa-Mir-154-P6b_pre_2	0	57	3	12	3.0	2.0	0.05263157894736842	-11.4
shuffle_Hsa-Mir-154-P6b_pre_7	0	57	4	6	4.0	3.0	0.07017543859649122	-10.4
shuffle_Hsa-Mir-154-P6b_pre_8	0	57	4	9	4.0	3.0	0.07017543859649122	-8.3
shuffle_Hsa-Mir-154-P6b_pre_9	0	57	5	6	5.0	4.0	0.08771929824561403	-10.9
shuffle_Hsa-Mir-154-P8a_pre_1	0	60	5	7	5.0	4.0	0.08333333333333333	-12.3
shuffle_Hsa-Mir-154-P8b_pre_0	0	60	6	14	6.0	5.0	0.1	-10.7
shuffle_Hsa-Mir-154-P8b_pre_1	0	60	3	13	3.0	2.0	0.05	-9.7
shuffle_Hsa-Mir-154-P8b_pre_2	0	60	6	8	6.0	5.0	0.1	-4.8
shuffle_Hsa-Mir-154-P8b_pre_3	0	60	6	14	6.0	5.0	0.1	-8.4
shuffle_Hsa-Mir-154-P8b_pre_8	0	60	8	4	8.0	7.0	0.13333333333333333	-16.3
shuffle_Hsa-Mir-154-P9_pre_4	0	56	5	9	5.0	4.0	0.08928571428571429	-7.9
shuffle_Hsa-Mir-154-P10_pre_9	0	57	5	7	5.0	4.0	0.08771929824561403	-11.1
shuffle_Hsa-Mir-154-P11_pre_3	0	58	9	7	9.0	8.0	0.15517241379310345	-8.9
shuffle_Hsa-Mir-154-P14_pre_2	0	56	9	5	9.0	8.0	0.16071428571428573	-14.0
shuffle_Hsa-Mir-154-P14_pre_8	0	56	7	7	7.0	6.0	0.125	-19.3
shuffle_Hsa-Mir-154-P16a_pre_0	0	60	5	3	5.0	4.0	0.08333333333333333	-14.4
shuffle_Hsa-Mir-154-P16b_pre_9	0	60	7	6	7.0	6.0	0.11666666666666667	-11.3
shuffle_Hsa-Mir-154-P17_pre_2	0	63	6	4	6.0	5.0	0.09523809523809523	-14.7
shuffle_Hsa-Mir-154-P18_pre_9	0	58	5	9	5.0	4.0	0.08620689655172414	-9.3
shuffle_Hsa-Mir-154-P19_pre_0	0	64	8	9	8.0	7.0	0.125	-2.8
shuffle_Hsa-Mir-154-P19_pre_1	0	64	4	5	4.0	3.0	0.0625	-6.2
shuffle_Hsa-Mir-154-P19_pre_2	0	64	3	6	3.0	2.0	0.046875	-5.7
shuffle_Hsa-Mir-154-P19_pre_4	0	64	7	9	7.0	6.0	0.109375	-6.4
shuffle_Hsa-Mir-154-P19_pre_7	0	64	9	8	9.0	8.0	0.140625	-6.0
shuffle_Hsa-Mir-154-P20_pre_0	0	59	5	5	5.0	4.0	0.0847457627118644	-7.7
shuffle_Hsa-Mir-154-P20_pre_2	0	59	7	8	7.0	6.0	0.11864406779661017	-7.4
shuffle_Hsa-Mir-154-P20_pre_4	0	59	8	5	8.0	7.0	0.13559322033898305	-12.3
shuffle_Hsa-Mir-154-P20_pre_5	0	59	2	18	2.0	1.0	0.03389830508474576	-16.3
shuffle_Hsa-Mir-154-P20_pre_9	0	59	5	8	5.0	4.0	0.0847457627118644	-10.7
shuffle_Hsa-Mir-154-P21_pre_3	0	60	4	6	4.0	3.0	0.06666666666666667	-11.5
shuffle_Hsa-Mir-154-P21_pre_4	0	60	1	5	1.0	0.0	0.016666666666666666	-3.9
shuffle_Hsa-Mir-154-P23_pre_1	0	58	6	5	6.0	5.0	0.10344827586206896	-10.6
shuffle_Hsa-Mir-154-P23_pre_2	0	58	4	4	4.0	3.0	0.06896551724137931	-8.4
shuffle_Hsa-Mir-154-P23_pre_6	0	58	6	7	6.0	5.0	0.10344827586206896	-7.5
shuffle_Hsa-Mir-154-P24_pre_2	0	58	6	9	6.0	5.0	0.10344827586206896	-15.6
shuffle_Hsa-Mir-154-P24_pre_3	0	58	4	15	4.0	3.0	0.06896551724137931	-6.3
shuffle_Hsa-Mir-154-P24_pre_6	0	58	7	7	7.0	6.0	0.1206896551724138	-7.2
shuffle_Hsa-Mir-154-P24_pre_8	0	58	4	9	4.0	3.0	0.06896551724137931	-8.6
shuffle_Hsa-Mir-154-P26_pre_3	0	58	3	4	3.0	2.0	0.05172413793103448	-5.4
shuffle_Hsa-Mir-154-P26_pre_9	0	58	5	8	5.0	4.0	0.08620689655172414	-9.6
shuffle_Hsa-Mir-154-P28-v1_pre_1	0	54	5	5	5.0	4.0	0.09259259259259259	-6.3
shuffle_Hsa-Mir-154-P28-v1_pre_6	0	54	5	11	5.0	4.0	0.09259259259259259	-8.4
shuffle_Hsa-Mir-154-P31_pre_4	0	55	5	3	5.0	4.0	0.09090909090909091	-15.2
shuffle_Hsa-Mir-154-P31_pre_7	0	55	3	13	3.0	2.0	0.05454545454545454	-8.5
shuffle_Hsa-Mir-154-P31_pre_9	0	55	5	5	5.0	4.0	0.09090909090909091	-13.1
shuffle_Hsa-Mir-154-P32_pre_1	0	56	4	5	4.0	3.0	0.07142857142857142	-8.6
shuffle_Hsa-Mir-154-P33_pre_0	0	57	7	4	7.0	6.0	0.12280701754385964	-7.1
shuffle_Hsa-Mir-154-P33_pre_5	0	57	8	6	8.0	7.0	0.14035087719298245	-10.6
shuffle_Hsa-Mir-154-P34_pre_3	0	56	5	10	5.0	4.0	0.08928571428571429	-10.2
shuffle_Hsa-Mir-154-P34_pre_8	0	56	4	6	4.0	3.0	0.07142857142857142	-11.8
shuffle_Hsa-Mir-155_pre_1	0	61	7	11	7.0	6.0	0.11475409836065574	-5.6
shuffle_Hsa-Mir-155_pre_6	0	61	7	8	7.0	6.0	0.11475409836065574	-7.3
shuffle_Hsa-Mir-181-P1a_pre_4	0	62	5	19	5.0	4.0	0.08064516129032258	-7.0
shuffle_Hsa-Mir-181-P1a_pre_6	0	62	6	6	6.0	5.0	0.0967741935483871	-8.4
shuffle_Hsa-Mir-181-P1a_pre_8	0	62	6	5	6.0	5.0	0.0967741935483871	-8.6
shuffle_Hsa-Mir-181-P1b_pre_8	0	60	7	7	7.0	6.0	0.11666666666666667	-11.3
shuffle_Hsa-Mir-181-P1b_pre_9	0	60	4	12	4.0	3.0	0.06666666666666667	-7.0
shuffle_Hsa-Mir-181-P1c_pre_1	0	61	6	3	6.0	5.0	0.09836065573770492	-16.1
shuffle_Hsa-Mir-181-P1c_pre_5	0	61	4	8	4.0	3.0	0.06557377049180328	-16.6
shuffle_Hsa-Mir-181-P2a_pre_5	0	60	7	13	7.0	6.0	0.11666666666666667	-5.6
shuffle_Hsa-Mir-181-P2b_pre_1	0	60	4	6	4.0	3.0	0.06666666666666667	-8.4
shuffle_Hsa-Mir-181-P2b_pre_2	0	60	5	6	5.0	4.0	0.08333333333333333	-11.2
shuffle_Hsa-Mir-181-P2b_pre_5	0	60	5	10	5.0	4.0	0.08333333333333333	-7.2
shuffle_Hsa-Mir-181-P2c_pre_1	0	63	9	4	9.0	8.0	0.14285714285714285	-17.5
shuffle_Hsa-Mir-181-P2c_pre_9	0	63	7	7	7.0	6.0	0.1111111111111111	-14.5
shuffle_Hsa-Mir-184_pre_1	0	62	5	6	5.0	4.0	0.08064516129032258	-20.4
shuffle_Hsa-Mir-184_pre_3	0	62	4	10	4.0	3.0	0.06451612903225806	-14.6
shuffle_Hsa-Mir-185_pre_5	0	56	4	3	4.0	3.0	0.07142857142857142	-18.1
shuffle_Hsa-Mir-186_pre_4	0	61	5	10	5.0	4.0	0.08196721311475409	-8.8
shuffle_Hsa-Mir-186_pre_5	0	61	5	13	5.0	4.0	0.08196721311475409	-6.2
shuffle_Hsa-Mir-186_pre_8	0	61	9	3	9.0	8.0	0.14754098360655737	-6.7
shuffle_Hsa-Mir-187_pre_0	0	58	7	4	7.0	6.0	0.1206896551724138	-18.3
shuffle_Hsa-Mir-187_pre_4	0	58	8	6	8.0	7.0	0.13793103448275862	-16.8
shuffle_Hsa-Mir-187_pre_8	0	58	6	6	6.0	5.0	0.10344827586206896	-19.5
shuffle_Hsa-Mir-188-P1_pre_6	0	59	8	15	8.0	7.0	0.13559322033898305	-7.5
shuffle_Hsa-Mir-188-P1_pre_9	0	59	5	7	5.0	4.0	0.0847457627118644	-6.6
shuffle_Hsa-Mir-188-P2_pre_1	0	60	8	7	8.0	7.0	0.13333333333333333	-11.3
shuffle_Hsa-Mir-188-P2_pre_2	0	60	7	6	7.0	6.0	0.11666666666666667	-10.6
shuffle_Hsa-Mir-188-P2_pre_3	0	60	4	25	4.0	3.0	0.06666666666666667	-15.0
shuffle_Hsa-Mir-188-P2_pre_7	0	60	7	9	7.0	6.0	0.11666666666666667	-15.1
shuffle_Hsa-Mir-188-P2_pre_8	0	60	9	9	9.0	8.0	0.15	-15.9
shuffle_Hsa-Mir-188-P3_pre_2	0	59	6	13	6.0	5.0	0.1016949152542373	-8.6
shuffle_Hsa-Mir-188-P3_pre_4	0	59	6	8	6.0	5.0	0.1016949152542373	-6.4
shuffle_Hsa-Mir-190-P1_pre_0	0	59	6	4	6.0	5.0	0.1016949152542373	-1.5
shuffle_Hsa-Mir-190-P3_pre_2	0	60	2	6	2.0	1.0	0.03333333333333333	-7.1
shuffle_Hsa-Mir-190-P3_pre_7	0	60	6	4	6.0	5.0	0.1	-12.6
shuffle_Hsa-Mir-190-P3_pre_8	0	60	5	5	5.0	4.0	0.08333333333333333	-8.3
shuffle_Hsa-Mir-191_pre_4	0	64	5	14	5.0	4.0	0.078125	-13.1
shuffle_Hsa-Mir-191_pre_5	0	64	8	12	8.0	7.0	0.125	-9.9
shuffle_Hsa-Mir-191_pre_6	0	64	6	13	6.0	5.0	0.09375	-13.3
shuffle_Hsa-Mir-191_pre_8	0	64	6	8	6.0	5.0	0.09375	-14.1
shuffle_Hsa-Mir-192-P4_pre_0	0	65	11	4	11.0	10.0	0.16923076923076924	-9.5
shuffle_Hsa-Mir-192-P4_pre_2	0	65	4	23	4.0	3.0	0.06153846153846154	-8.1
shuffle_Hsa-Mir-192-P4_pre_8	0	65	6	9	6.0	5.0	0.09230769230769231	-10.3
shuffle_Hsa-Mir-192-P4_pre_9	0	65	9	6	9.0	8.0	0.13846153846153847	-13.6
shuffle_Hsa-Mir-193-P1a_pre_7	0	59	5	7	5.0	4.0	0.0847457627118644	-14.8
shuffle_Hsa-Mir-193-P1b_pre_2	0	56	7	7	7.0	6.0	0.125	-14.0
shuffle_Hsa-Mir-193-P2a_pre_6	0	61	7	16	7.0	6.0	0.11475409836065574	-7.0
shuffle_Hsa-Mir-193-P2a_pre_9	0	61	5	5	5.0	4.0	0.08196721311475409	-13.3
shuffle_Hsa-Mir-193-P2b_pre_4	0	62	3	5	3.0	2.0	0.04838709677419355	-13.5
shuffle_Hsa-Mir-194-P2_pre_2	0	58	4	10	4.0	3.0	0.06896551724137931	-12.7
shuffle_Hsa-Mir-194-P4_pre_2	0	58	6	6	6.0	5.0	0.10344827586206896	-13.1
shuffle_Hsa-Mir-194-P4_pre_3	0	58	5	4	5.0	4.0	0.08620689655172414	-13.9
shuffle_Hsa-Mir-194-P4_pre_4	0	58	5	8	5.0	4.0	0.08620689655172414	-15.0
shuffle_Hsa-Mir-196-P3_pre_0	0	60	10	7	10.0	9.0	0.16666666666666666	-8.6
shuffle_Hsa-Mir-196-P3_pre_1	0	60	5	14	5.0	4.0	0.08333333333333333	-10.6
shuffle_Hsa-Mir-196-P3_pre_3	0	60	4	9	4.0	3.0	0.06666666666666667	-8.3
shuffle_Hsa-Mir-197_pre_0	0	61	9	5	9.0	8.0	0.14754098360655737	-12.8
shuffle_Hsa-Mir-197_pre_7	0	61	7	5	7.0	6.0	0.11475409836065574	-22.4
shuffle_Hsa-Mir-199-P1-v1_pre_3	0	61	5	6	5.0	4.0	0.08196721311475409	-17.4
shuffle_Hsa-Mir-199-P1-v1_pre_8	0	61	4	5	4.0	3.0	0.06557377049180328	-14.9
shuffle_Hsa-Mir-199-P2-v1_pre_7	0	61	5	21	5.0	4.0	0.08196721311475409	-10.8
shuffle_Hsa-Mir-199-P2-v1_pre_9	0	61	9	6	9.0	8.0	0.14754098360655737	-10.9
shuffle_Hsa-Mir-199-P3-v1_pre_0	0	63	8	10	8.0	7.0	0.12698412698412698	-12.2
shuffle_Hsa-Mir-199-P3-v1_pre_2	0	63	5	15	5.0	4.0	0.07936507936507936	-12.7
shuffle_Hsa-Mir-202_pre_7	0	58	5	8	5.0	4.0	0.08620689655172414	-9.3
shuffle_Hsa-Mir-203-v1_pre_4	0	60	7	8	7.0	6.0	0.11666666666666667	-7.5
shuffle_Hsa-Mir-204-P2_pre_1	0	60	8	4	8.0	7.0	0.13333333333333333	-14.3
shuffle_Hsa-Mir-204-P2_pre_6	0	60	8	14	8.0	7.0	0.13333333333333333	-8.6
shuffle_Hsa-Mir-204-P2_pre_7	0	60	7	9	7.0	6.0	0.11666666666666667	-10.6
shuffle_Hsa-Mir-204-P2_pre_8	0	60	6	5	6.0	5.0	0.1	-8.3
shuffle_Hsa-Mir-208-P1-v1_pre_0	0	57	5	14	5.0	4.0	0.08771929824561403	-8.1
shuffle_Hsa-Mir-208-P1-v1_pre_5	0	57	5	9	5.0	4.0	0.08771929824561403	-4.8
shuffle_Hsa-Mir-208-P1-v1_pre_6	0	57	5	4	5.0	4.0	0.08771929824561403	-11.9
shuffle_Hsa-Mir-208-P1-v1_pre_7	0	57	4	10	4.0	3.0	0.07017543859649122	-8.0
shuffle_Hsa-Mir-208-P2_pre_4	0	57	10	4	10.0	9.0	0.17543859649122806	-11.7
shuffle_Hsa-Mir-208-P2_pre_7	0	57	3	7	3.0	2.0	0.05263157894736842	-9.0
shuffle_Hsa-Mir-210_pre_7	0	60	8	8	8.0	7.0	0.13333333333333333	-15.3
shuffle_Hsa-Mir-210_pre_8	0	60	8	6	8.0	7.0	0.13333333333333333	-16.6
shuffle_Hsa-Mir-214-v1_pre_6	0	63	7	6	7.0	6.0	0.1111111111111111	-10.0
shuffle_Hsa-Mir-214-v1_pre_8	0	63	9	10	9.0	8.0	0.14285714285714285	-11.3
shuffle_Hsa-Mir-216-P2a_pre_1	0	62	4	19	4.0	3.0	0.06451612903225806	-7.6
shuffle_Hsa-Mir-216-P2a_pre_2	0	62	7	11	7.0	6.0	0.11290322580645161	-7.9
shuffle_Hsa-Mir-216-P2a_pre_6	0	62	7	9	7.0	6.0	0.11290322580645161	-7.7
shuffle_Hsa-Mir-216-P2b_pre_1	0	62	5	4	5.0	4.0	0.08064516129032258	-12.2
shuffle_Hsa-Mir-216-P2b_pre_3	0	62	5	8	5.0	4.0	0.08064516129032258	-7.9
shuffle_Hsa-Mir-217-v1_pre_0	0	59	8	5	8.0	7.0	0.13559322033898305	-9.0
shuffle_Hsa-Mir-218-P2_pre_3	0	64	5	5	5.0	4.0	0.078125	-14.0
shuffle_Hsa-Mir-218-P4_pre_1	0	64	8	9	8.0	7.0	0.125	-9.7
shuffle_Hsa-Mir-218-P4_pre_3	0	64	8	5	8.0	7.0	0.125	-16.2
shuffle_Hsa-Mir-218-P4_pre_4	0	64	5	9	5.0	4.0	0.078125	-13.5
shuffle_Hsa-Mir-219-P2_pre_7	0	65	6	6	6.0	5.0	0.09230769230769231	-12.8
shuffle_Hsa-Mir-219-P2-as_pre_0	0	65	5	7	5.0	4.0	0.07692307692307693	-17.0
shuffle_Hsa-Mir-219-P2-as_pre_3	0	65	7	8	7.0	6.0	0.1076923076923077	-14.3
shuffle_Hsa-Mir-219-P2-as_pre_5	0	65	8	5	8.0	7.0	0.12307692307692308	-17.4
shuffle_Hsa-Mir-219-P2-as_pre_7	0	65	6	6	6.0	5.0	0.09230769230769231	-16.3
shuffle_Hsa-Mir-219-P2-as_pre_9	0	65	8	4	8.0	7.0	0.12307692307692308	-12.0
shuffle_Hsa-Mir-219-P3_pre_1	0	63	5	6	5.0	4.0	0.07936507936507936	-17.2
shuffle_Hsa-Mir-219-P3_pre_2	0	63	6	8	6.0	5.0	0.09523809523809523	-15.3
shuffle_Hsa-Mir-219-P3_pre_3	0	63	6	10	6.0	5.0	0.09523809523809523	-17.5
shuffle_Hsa-Mir-219-P3_pre_5	0	63	5	11	5.0	4.0	0.07936507936507936	-12.7
shuffle_Hsa-Mir-221-P1a_pre_8	0	64	6	10	6.0	5.0	0.09375	-12.1
shuffle_Hsa-Mir-221-P2a_pre_5	0	63	5	8	5.0	4.0	0.07936507936507936	-19.0
shuffle_Hsa-Mir-221-P2a_pre_8	0	63	8	4	8.0	7.0	0.12698412698412698	-7.9
shuffle_Hsa-Mir-221-P2a_pre_9	0	63	10	8	10.0	9.0	0.15873015873015872	-10.8
shuffle_Hsa-Mir-224_pre_2	0	69	7	6	7.0	6.0	0.10144927536231885	-16.3
shuffle_Hsa-Mir-224_pre_4	0	69	7	5	7.0	6.0	0.10144927536231885	-9.7
shuffle_Hsa-Mir-224_pre_5	0	69	8	5	8.0	7.0	0.11594202898550725	-13.9
shuffle_Hsa-Mir-224_pre_8	0	69	6	5	6.0	5.0	0.08695652173913043	-14.3
shuffle_Hsa-Mir-296_pre_2	0	56	8	5	8.0	7.0	0.14285714285714285	-11.9
shuffle_Hsa-Mir-296_pre_3	0	56	6	7	6.0	5.0	0.10714285714285714	-14.9
shuffle_Hsa-Mir-296_pre_7	0	56	10	4	10.0	9.0	0.17857142857142858	-15.3
shuffle_Hsa-Mir-320-P1_pre_8	0	54	3	7	3.0	2.0	0.05555555555555555	-22.0
shuffle_Hsa-Mir-320-P2a_pre_1	0	54	4	8	4.0	3.0	0.07407407407407407	-10.5
shuffle_Hsa-Mir-320-P2b_pre_2	0	53	6	4	6.0	5.0	0.11320754716981132	-10.5
shuffle_Hsa-Mir-320-P3_pre_5	0	54	6	7	6.0	5.0	0.1111111111111111	-15.4
shuffle_Hsa-Mir-320-P3_pre_6	0	54	7	5	7.0	6.0	0.12962962962962962	-16.4
shuffle_Hsa-Mir-320-P3_pre_8	0	54	3	8	3.0	2.0	0.05555555555555555	-17.8
shuffle_Hsa-Mir-320-P4_pre_2	0	54	8	8	8.0	7.0	0.14814814814814814	-13.0
shuffle_Hsa-Mir-320-P4_pre_7	0	54	2	5	2.0	1.0	0.037037037037037035	-8.2
shuffle_Hsa-Mir-320-P4_pre_8	0	54	5	7	5.0	4.0	0.09259259259259259	-12.7
shuffle_Hsa-Mir-320-P4_pre_9	0	54	5	5	5.0	4.0	0.09259259259259259	-11.6
shuffle_Hsa-Mir-324_pre_2	0	57	5	6	5.0	4.0	0.08771929824561403	-14.0
shuffle_Hsa-Mir-324_pre_4	0	57	4	9	4.0	3.0	0.07017543859649122	-16.0
shuffle_Hsa-Mir-324_pre_5	0	57	6	6	6.0	5.0	0.10526315789473684	-23.0
shuffle_Hsa-Mir-325_pre_1	0	60	5	9	5.0	4.0	0.08333333333333333	-7.5
shuffle_Hsa-Mir-325_pre_3	0	60	4	4	4.0	3.0	0.06666666666666667	-17.4
shuffle_Hsa-Mir-326_pre_0	0	60	6	9	6.0	5.0	0.1	-23.0
shuffle_Hsa-Mir-326_pre_1	0	60	9	5	9.0	8.0	0.15	-20.1
shuffle_Hsa-Mir-326_pre_7	0	60	4	3	4.0	3.0	0.06666666666666667	-22.6
shuffle_Hsa-Mir-326_pre_8	0	60	8	8	8.0	7.0	0.13333333333333333	-17.2
shuffle_Hsa-Mir-328_pre_2	0	61	8	6	8.0	7.0	0.13114754098360656	-21.9
shuffle_Hsa-Mir-328_pre_3	0	61	5	5	5.0	4.0	0.08196721311475409	-26.7
shuffle_Hsa-Mir-328_pre_4	0	61	9	7	9.0	8.0	0.14754098360655737	-18.0
shuffle_Hsa-Mir-328_pre_5	0	61	3	12	3.0	2.0	0.04918032786885246	-28.9
shuffle_Hsa-Mir-328_pre_7	0	61	8	4	8.0	7.0	0.13114754098360656	-25.8
shuffle_Hsa-Mir-330-v1_pre_7	0	64	8	8	8.0	7.0	0.125	-12.0
shuffle_Hsa-Mir-330-v1_pre_8	0	64	8	8	8.0	7.0	0.125	-17.1
shuffle_Hsa-Mir-331_pre_2	0	56	9	7	9.0	8.0	0.16071428571428573	-11.6
shuffle_Hsa-Mir-331_pre_6	0	56	5	6	5.0	4.0	0.08928571428571429	-15.0
shuffle_Hsa-Mir-331_pre_8	0	56	7	11	7.0	6.0	0.125	-10.8
shuffle_Hsa-Mir-335_pre_1	0	58	6	6	6.0	5.0	0.10344827586206896	-5.0
shuffle_Hsa-Mir-337-v1_pre_0	0	60	6	5	6.0	5.0	0.1	-9.8
shuffle_Hsa-Mir-337-v1_pre_5	0	60	3	7	3.0	2.0	0.05	-8.2
shuffle_Hsa-Mir-339_pre_0	0	58	4	11	4.0	3.0	0.06896551724137931	-19.5
shuffle_Hsa-Mir-339_pre_2	0	58	5	8	5.0	4.0	0.08620689655172414	-22.8
shuffle_Hsa-Mir-340_pre_7	0	65	7	5	7.0	6.0	0.1076923076923077	-10.6
shuffle_Hsa-Mir-342_pre_3	0	67	7	6	7.0	6.0	0.1044776119402985	-11.7
shuffle_Hsa-Mir-346_pre_4	0	60	5	8	5.0	4.0	0.08333333333333333	-26.7
shuffle_Hsa-Mir-361-v1_pre_4	0	64	4	6	4.0	3.0	0.0625	-13.9
shuffle_Hsa-Mir-362-P3a-v1_pre_0	0	62	7	6	7.0	6.0	0.11290322580645161	-11.5
shuffle_Hsa-Mir-362-P3a-v1_pre_3	0	62	9	5	9.0	8.0	0.14516129032258066	-12.1
shuffle_Hsa-Mir-362-P3a-v1_pre_4	0	62	9	4	9.0	8.0	0.14516129032258066	-11.0
shuffle_Hsa-Mir-362-P3a-v1_pre_7	0	62	5	5	5.0	4.0	0.08064516129032258	-12.8
shuffle_Hsa-Mir-362-P3b_pre_0	0	62	7	7	7.0	6.0	0.11290322580645161	-15.3
shuffle_Hsa-Mir-362-P3b_pre_2	0	62	6	8	6.0	5.0	0.0967741935483871	-10.2
shuffle_Hsa-Mir-362-P4_pre_6	0	59	5	9	5.0	4.0	0.0847457627118644	-11.1
shuffle_Hsa-Mir-362-P6_pre_5	0	60	8	5	8.0	7.0	0.13333333333333333	-14.0
shuffle_Hsa-Mir-362-P6_pre_9	0	60	7	8	7.0	6.0	0.11666666666666667	-10.5
shuffle_Hsa-Mir-370_pre_0	0	57	8	5	8.0	7.0	0.14035087719298245	-17.3
shuffle_Hsa-Mir-370_pre_3	0	57	11	4	11.0	10.0	0.19298245614035087	-14.4
shuffle_Hsa-Mir-374-P1_pre_0	0	52	3	14	3.0	2.0	0.057692307692307696	-2.5
shuffle_Hsa-Mir-374-P1_pre_4	0	52	1	6	1.0	0.0	0.019230769230769232	-2.0
shuffle_Hsa-Mir-374-P1_pre_7	0	52	2	8	2.0	1.0	0.038461538461538464	-7.7
shuffle_Hsa-Mir-374-P2_pre_1	0	52	2	12	2.0	1.0	0.038461538461538464	-5.3
shuffle_Hsa-Mir-374-P2_pre_9	0	52	5	6	5.0	4.0	0.09615384615384616	-5.9
shuffle_Hsa-Mir-375_pre_0	0	57	5	6	5.0	4.0	0.08771929824561403	-17.9
shuffle_Hsa-Mir-375_pre_4	0	57	6	10	6.0	5.0	0.10526315789473684	-22.3
shuffle_Hsa-Mir-376-P1_pre_0	0	58	6	9	6.0	5.0	0.10344827586206896	-9.9
shuffle_Hsa-Mir-376-P1_pre_1	0	58	5	7	5.0	4.0	0.08620689655172414	-10.2
shuffle_Hsa-Mir-376-P1_pre_5	0	58	7	8	7.0	6.0	0.1206896551724138	-9.3
shuffle_Hsa-Mir-376-P2_pre_2	0	58	3	6	3.0	2.0	0.05172413793103448	-8.9
shuffle_Hsa-Mir-376-P2_pre_5	0	58	8	9	8.0	7.0	0.13793103448275862	-5.0
shuffle_Hsa-Mir-376-P3_pre_0	0	58	4	10	4.0	3.0	0.06896551724137931	-6.6
shuffle_Hsa-Mir-376-P3_pre_8	0	58	3	16	3.0	2.0	0.05172413793103448	-8.7
shuffle_Hsa-Mir-376-P5_pre_2	0	58	2	5	2.0	1.0	0.034482758620689655	-7.7
shuffle_Hsa-Mir-378_pre_1	0	60	8	8	8.0	7.0	0.13333333333333333	-15.4
shuffle_Hsa-Mir-378_pre_2	0	60	8	6	8.0	7.0	0.13333333333333333	-12.2
shuffle_Hsa-Mir-378_pre_6	0	60	6	10	6.0	5.0	0.1	-8.6
shuffle_Hsa-Mir-383-v1_pre_5	0	62	7	10	7.0	6.0	0.11290322580645161	-10.0
shuffle_Hsa-Mir-421-P1-v1_pre_1	0	63	5	5	5.0	4.0	0.07936507936507936	-11.3
shuffle_Hsa-Mir-421-P1-v1_pre_4	0	63	9	4	9.0	8.0	0.14285714285714285	-8.8
shuffle_Hsa-Mir-421-P2_pre_1	0	57	5	7	5.0	4.0	0.08771929824561403	-5.2
shuffle_Hsa-Mir-421-P2_pre_4	0	57	5	5	5.0	4.0	0.08771929824561403	-9.5
shuffle_Hsa-Mir-423_pre_1	0	59	3	6	3.0	2.0	0.05084745762711865	-13.2
shuffle_Hsa-Mir-423_pre_2	0	59	9	4	9.0	8.0	0.15254237288135594	-17.1
shuffle_Hsa-Mir-423_pre_6	0	59	6	5	6.0	5.0	0.1016949152542373	-12.4
shuffle_Hsa-Mir-423_pre_8	0	59	5	8	5.0	4.0	0.0847457627118644	-14.9
shuffle_Hsa-Mir-425_pre_0	0	63	6	7	6.0	5.0	0.09523809523809523	-16.1
shuffle_Hsa-Mir-425_pre_2	0	63	10	4	10.0	9.0	0.15873015873015872	-16.3
shuffle_Hsa-Mir-425_pre_7	0	63	9	8	9.0	8.0	0.14285714285714285	-13.6
shuffle_Hsa-Mir-430-P1_pre_0	0	59	7	6	7.0	6.0	0.11864406779661017	-8.7
shuffle_Hsa-Mir-430-P1_pre_4	0	59	7	8	7.0	6.0	0.11864406779661017	-16.0
shuffle_Hsa-Mir-430-P3_pre_4	0	61	6	3	6.0	5.0	0.09836065573770492	-9.4
shuffle_Hsa-Mir-430-P3_pre_5	0	61	7	5	7.0	6.0	0.11475409836065574	-7.6
shuffle_Hsa-Mir-430-P4_pre_2	0	61	7	5	7.0	6.0	0.11475409836065574	-10.1
shuffle_Hsa-Mir-430-P4_pre_3	0	61	6	10	6.0	5.0	0.09836065573770492	-13.0
shuffle_Hsa-Mir-430-P4_pre_7	0	61	7	9	7.0	6.0	0.11475409836065574	-11.3
shuffle_Hsa-Mir-430-P5_pre_3	0	59	3	5	3.0	2.0	0.05084745762711865	-8.4
shuffle_Hsa-Mir-430-P6_pre_1	0	59	4	11	4.0	3.0	0.06779661016949153	-9.6
shuffle_Hsa-Mir-430-P6_pre_7	0	59	4	4	4.0	3.0	0.06779661016949153	-18.1
shuffle_Hsa-Mir-430-P6_pre_8	0	59	5	6	5.0	4.0	0.0847457627118644	-10.0
shuffle_Hsa-Mir-430-P7_pre_9	0	61	7	5	7.0	6.0	0.11475409836065574	-17.6
shuffle_Hsa-Mir-430-P8a_pre_5	0	58	6	4	6.0	5.0	0.10344827586206896	-12.5
shuffle_Hsa-Mir-430-P8a_pre_7	0	58	5	6	5.0	4.0	0.08620689655172414	-17.3
shuffle_Hsa-Mir-430-P8b_pre_4	0	58	6	6	6.0	5.0	0.10344827586206896	-17.0
shuffle_Hsa-Mir-430-P9_pre_5	0	56	6	5	6.0	5.0	0.10714285714285714	-10.6
shuffle_Hsa-Mir-430-P9_pre_6	0	56	7	4	7.0	6.0	0.125	-13.3
shuffle_Hsa-Mir-430-P9_pre_7	0	56	5	6	5.0	4.0	0.08928571428571429	-10.0
shuffle_Hsa-Mir-430-P9_pre_9	0	56	5	7	5.0	4.0	0.08928571428571429	-9.3
shuffle_Hsa-Mir-430-P10_pre_9	0	60	3	7	3.0	2.0	0.05	-14.7
shuffle_Hsa-Mir-430-P12a_pre_3	0	59	5	6	5.0	4.0	0.0847457627118644	-10.7
shuffle_Hsa-Mir-430-P12a_pre_4	0	59	3	8	3.0	2.0	0.05084745762711865	-9.3
shuffle_Hsa-Mir-430-P12a_pre_8	0	59	4	6	4.0	3.0	0.06779661016949153	-8.3
shuffle_Hsa-Mir-430-P12b_pre_3	0	59	7	10	7.0	6.0	0.11864406779661017	-8.0
shuffle_Hsa-Mir-430-P13_pre_3	0	59	6	7	6.0	5.0	0.1016949152542373	-10.7
shuffle_Hsa-Mir-430-P13_pre_7	0	59	8	8	8.0	7.0	0.13559322033898305	-7.3
shuffle_Hsa-Mir-430-P14_pre_4	0	61	6	12	6.0	5.0	0.09836065573770492	-11.0
shuffle_Hsa-Mir-430-P14_pre_6	0	61	5	12	5.0	4.0	0.08196721311475409	-9.8
shuffle_Hsa-Mir-430-P14_pre_7	0	61	7	4	7.0	6.0	0.11475409836065574	-12.0
shuffle_Hsa-Mir-430-P14_pre_8	0	61	8	6	8.0	7.0	0.13114754098360656	-12.1
shuffle_Hsa-Mir-430-P14_pre_9	0	61	10	7	10.0	9.0	0.16393442622950818	-9.9
shuffle_Hsa-Mir-430-P15_pre_6	0	60	9	3	9.0	8.0	0.15	-6.7
shuffle_Hsa-Mir-430-P16b_pre_8	0	59	5	13	5.0	4.0	0.0847457627118644	-7.3
shuffle_Hsa-Mir-430-P16b_pre_9	0	59	4	5	4.0	3.0	0.06779661016949153	-10.9
shuffle_Hsa-Mir-430-P17_pre_1	0	59	3	8	3.0	2.0	0.05084745762711865	-15.0
shuffle_Hsa-Mir-430-P17_pre_6	0	59	2	9	2.0	1.0	0.03389830508474576	-13.8
shuffle_Hsa-Mir-430-P18_pre_3	0	59	4	6	4.0	3.0	0.06779661016949153	-13.3
shuffle_Hsa-Mir-430-P19_pre_7	0	60	9	4	9.0	8.0	0.15	-12.8
shuffle_Hsa-Mir-430-P19_pre_9	0	60	7	8	7.0	6.0	0.11666666666666667	-11.9
shuffle_Hsa-Mir-430-P20_pre_0	0	59	8	6	8.0	7.0	0.13559322033898305	-10.5
shuffle_Hsa-Mir-430-P20_pre_4	0	59	9	5	9.0	8.0	0.15254237288135594	-13.4
shuffle_Hsa-Mir-430-P20_pre_9	0	59	5	16	5.0	4.0	0.0847457627118644	-10.5
shuffle_Hsa-Mir-430-P21_pre_1	0	59	5	6	5.0	4.0	0.0847457627118644	-13.3
shuffle_Hsa-Mir-430-P21_pre_2	0	59	5	12	5.0	4.0	0.0847457627118644	-10.2
shuffle_Hsa-Mir-430-P21_pre_5	0	59	7	6	7.0	6.0	0.11864406779661017	-13.9
shuffle_Hsa-Mir-430-P21_pre_8	0	59	6	6	6.0	5.0	0.1016949152542373	-19.7
shuffle_Hsa-Mir-430-P21_pre_9	0	59	3	7	3.0	2.0	0.05084745762711865	-11.9
shuffle_Hsa-Mir-430-P22_pre_6	0	59	5	11	5.0	4.0	0.0847457627118644	-9.7
shuffle_Hsa-Mir-430-P23_pre_0	0	61	8	6	8.0	7.0	0.13114754098360656	-11.6
shuffle_Hsa-Mir-430-P23_pre_6	0	61	9	5	9.0	8.0	0.14754098360655737	-10.7
shuffle_Hsa-Mir-430-P23_pre_9	0	61	5	10	5.0	4.0	0.08196721311475409	-9.8
shuffle_Hsa-Mir-430-P24_pre_0	0	59	4	9	4.0	3.0	0.06779661016949153	-12.5
shuffle_Hsa-Mir-430-P25_pre_0	0	59	5	15	5.0	4.0	0.0847457627118644	-8.6
shuffle_Hsa-Mir-430-P25_pre_6	0	59	7	4	7.0	6.0	0.11864406779661017	-10.3
shuffle_Hsa-Mir-430-P26_pre_8	0	60	6	12	6.0	5.0	0.1	-9.3
shuffle_Hsa-Mir-430-P27_pre_3	0	59	4	8	4.0	3.0	0.06779661016949153	-7.5
shuffle_Hsa-Mir-430-P27_pre_5	0	59	5	4	5.0	4.0	0.0847457627118644	-13.9
shuffle_Hsa-Mir-430-P27_pre_7	0	59	5	10	5.0	4.0	0.0847457627118644	-7.8
shuffle_Hsa-Mir-430-P28_pre_1	0	59	4	14	4.0	3.0	0.06779661016949153	-9.4
shuffle_Hsa-Mir-430-P28_pre_9	0	59	8	9	8.0	7.0	0.13559322033898305	-7.3
shuffle_Hsa-Mir-430-P29a_pre_6	0	61	6	10	6.0	5.0	0.09836065573770492	-11.8
shuffle_Hsa-Mir-430-P29a_pre_9	0	61	5	18	5.0	4.0	0.08196721311475409	-10.5
shuffle_Hsa-Mir-430-P29b_pre_2	0	59	4	9	4.0	3.0	0.06779661016949153	-10.0
shuffle_Hsa-Mir-430-P29b_pre_4	0	59	7	4	7.0	6.0	0.11864406779661017	-12.1
shuffle_Hsa-Mir-430-P29c_pre_2	0	59	6	11	6.0	5.0	0.1016949152542373	-8.4
shuffle_Hsa-Mir-430-P29c_pre_5	0	59	8	5	8.0	7.0	0.13559322033898305	-14.5
shuffle_Hsa-Mir-430-P30_pre_1	0	62	6	8	6.0	5.0	0.0967741935483871	-7.6
shuffle_Hsa-Mir-430-P30_pre_5	0	62	5	7	5.0	4.0	0.08064516129032258	-4.4
shuffle_Hsa-Mir-430-P31a_pre_0	0	61	7	4	7.0	6.0	0.11475409836065574	-8.0
shuffle_Hsa-Mir-430-P31a_pre_1	0	61	3	10	3.0	2.0	0.04918032786885246	-4.4
shuffle_Hsa-Mir-430-P31a_pre_4	0	61	8	5	8.0	7.0	0.13114754098360656	-10.4
shuffle_Hsa-Mir-430-P31a_pre_6	0	61	8	6	8.0	7.0	0.13114754098360656	-8.9
shuffle_Hsa-Mir-430-P31b_pre_4	0	61	8	8	8.0	7.0	0.13114754098360656	-8.0
shuffle_Hsa-Mir-430-P31b_pre_6	0	61	5	7	5.0	4.0	0.08196721311475409	-11.7
shuffle_Hsa-Mir-430-P31b_pre_8	0	61	6	6	6.0	5.0	0.09836065573770492	-9.2
shuffle_Hsa-Mir-430-P33b_pre_2	0	60	4	17	4.0	3.0	0.06666666666666667	-13.0
shuffle_Hsa-Mir-430-P33b_pre_8	0	60	7	4	7.0	6.0	0.11666666666666667	-8.9
shuffle_Hsa-Mir-430-P34b_pre_5	0	63	7	14	7.0	6.0	0.1111111111111111	-7.8
shuffle_Hsa-Mir-430-P34b_pre_7	0	63	6	6	6.0	5.0	0.09523809523809523	-10.0
shuffle_Hsa-Mir-430-P34b_pre_8	0	63	5	10	5.0	4.0	0.07936507936507936	-10.2
shuffle_Hsa-Mir-430-P35_pre_1	0	55	7	6	7.0	6.0	0.12727272727272726	-5.0
shuffle_Hsa-Mir-430-P35_pre_5	0	55	4	3	4.0	3.0	0.07272727272727272	-5.0
shuffle_Hsa-Mir-430-P35_pre_8	0	55	7	8	7.0	6.0	0.12727272727272726	-10.5
shuffle_Hsa-Mir-430-P37a_pre_0	0	60	7	5	7.0	6.0	0.11666666666666667	-15.1
shuffle_Hsa-Mir-430-P37a_pre_4	0	60	7	8	7.0	6.0	0.11666666666666667	-10.9
shuffle_Hsa-Mir-430-P37a_pre_7	0	60	10	5	10.0	9.0	0.16666666666666666	-14.5
shuffle_Hsa-Mir-430-P37b_pre_0	0	60	4	8	4.0	3.0	0.06666666666666667	-12.3
shuffle_Hsa-Mir-430-P37b_pre_4	0	60	10	6	10.0	9.0	0.16666666666666666	-11.9
shuffle_Hsa-Mir-430-P37c_pre_1	0	59	5	7	5.0	4.0	0.0847457627118644	-12.2
shuffle_Hsa-Mir-430-P37c_pre_4	0	59	5	8	5.0	4.0	0.0847457627118644	-9.7
shuffle_Hsa-Mir-430-P38_pre_0	0	59	7	5	7.0	6.0	0.11864406779661017	-9.7
shuffle_Hsa-Mir-430-P38_pre_3	0	59	6	8	6.0	5.0	0.1016949152542373	-13.2
shuffle_Hsa-Mir-430-P38_pre_9	0	59	3	9	3.0	2.0	0.05084745762711865	-17.4
shuffle_Hsa-Mir-430-P39_pre_1	0	60	5	4	5.0	4.0	0.08333333333333333	-6.9
shuffle_Hsa-Mir-430-P39_pre_2	0	60	4	20	4.0	3.0	0.06666666666666667	-10.0
shuffle_Hsa-Mir-430-P39_pre_3	0	60	7	7	7.0	6.0	0.11666666666666667	-6.7
shuffle_Hsa-Mir-430-P40a_pre_2	0	61	7	6	7.0	6.0	0.11475409836065574	-9.0
shuffle_Hsa-Mir-430-P40a_pre_4	0	61	7	5	7.0	6.0	0.11475409836065574	-11.8
shuffle_Hsa-Mir-430-P40a_pre_7	0	61	6	10	6.0	5.0	0.09836065573770492	-12.6
shuffle_Hsa-Mir-430-P40a_pre_8	0	61	5	11	5.0	4.0	0.08196721311475409	-7.9
shuffle_Hsa-Mir-430-P40b_pre_0	0	61	4	25	4.0	3.0	0.06557377049180328	-11.0
shuffle_Hsa-Mir-430-P40b_pre_4	0	61	7	8	7.0	6.0	0.11475409836065574	-11.3
shuffle_Hsa-Mir-430-P40b_pre_5	0	61	6	13	6.0	5.0	0.09836065573770492	-10.9
shuffle_Hsa-Mir-430-P40b_pre_6	0	61	6	10	6.0	5.0	0.09836065573770492	-12.2
shuffle_Hsa-Mir-430-P40b_pre_7	0	61	3	16	3.0	2.0	0.04918032786885246	-11.2
shuffle_Hsa-Mir-430-P41a_pre_1	0	63	6	7	6.0	5.0	0.09523809523809523	-8.3
shuffle_Hsa-Mir-430-P41a_pre_4	0	63	10	3	10.0	9.0	0.15873015873015872	-8.7
shuffle_Hsa-Mir-430-P41b_pre_1	0	63	8	4	8.0	7.0	0.12698412698412698	-15.2
shuffle_Hsa-Mir-430-P41b_pre_4	0	63	4	6	4.0	3.0	0.06349206349206349	-14.4
shuffle_Hsa-Mir-430-P41b_pre_6	0	63	8	11	8.0	7.0	0.12698412698412698	-10.1
shuffle_Hsa-Mir-431_pre_6	0	64	6	15	6.0	5.0	0.09375	-12.6
shuffle_Hsa-Mir-432_pre_2	0	69	6	7	6.0	5.0	0.08695652173913043	-18.7
shuffle_Hsa-Mir-432_pre_8	0	69	4	18	4.0	3.0	0.057971014492753624	-14.6
shuffle_Hsa-Mir-433_pre_4	0	74	12	4	12.0	11.0	0.16216216216216217	-14.9
shuffle_Hsa-Mir-433_pre_5	0	74	6	9	6.0	5.0	0.08108108108108109	-19.8
shuffle_Hsa-Mir-433_pre_8	0	74	8	5	8.0	7.0	0.10810810810810811	-19.3
shuffle_Hsa-Mir-448_pre_4	0	79	6	10	6.0	5.0	0.0759493670886076	-22.1
shuffle_Hsa-Mir-448_pre_7	0	79	10	6	10.0	9.0	0.12658227848101267	-17.1
shuffle_Hsa-Mir-450-P2_pre_1	0	57	7	6	7.0	6.0	0.12280701754385964	-6.1
shuffle_Hsa-Mir-450-P2_pre_3	0	57	3	3	3.0	2.0	0.05263157894736842	-8.0
shuffle_Hsa-Mir-450-P2_pre_5	0	57	5	6	5.0	4.0	0.08771929824561403	-6.3
shuffle_Hsa-Mir-450-P2_pre_7	0	57	5	8	5.0	4.0	0.08771929824561403	-6.6
shuffle_Hsa-Mir-450-P3_pre_2	0	58	6	9	6.0	5.0	0.10344827586206896	-7.8
shuffle_Hsa-Mir-450-P3_pre_4	0	58	5	11	5.0	4.0	0.08620689655172414	-5.1
shuffle_Hsa-Mir-451_pre_2	0	42	3	3	3.0	2.0	0.07142857142857142	-7.4
shuffle_Hsa-Mir-451_pre_3	0	42	4	4	4.0	3.0	0.09523809523809523	-7.8
shuffle_Hsa-Mir-451_pre_8	0	42	3	4	3.0	2.0	0.07142857142857142	-4.1
shuffle_Hsa-Mir-452-v1_pre_0	0	61	6	8	6.0	5.0	0.09836065573770492	-7.2
shuffle_Hsa-Mir-452-v1_pre_2	0	61	7	4	7.0	6.0	0.11475409836065574	-8.4
shuffle_Hsa-Mir-452-v1_pre_5	0	61	4	11	4.0	3.0	0.06557377049180328	-11.1
shuffle_Hsa-Mir-455-v1_pre_4	0	58	5	14	5.0	4.0	0.08620689655172414	-17.1
shuffle_Hsa-Mir-455-v1_pre_7	0	58	6	13	6.0	5.0	0.10344827586206896	-10.2
shuffle_Hsa-Mir-455-v1_pre_8	0	58	6	7	6.0	5.0	0.10344827586206896	-9.8
shuffle_Hsa-Mir-459_pre_5	0	61	5	7	5.0	4.0	0.08196721311475409	-7.0
shuffle_Hsa-Mir-459_pre_7	0	61	7	4	7.0	6.0	0.11475409836065574	-12.5
shuffle_Hsa-Mir-459_pre_8	0	61	4	9	4.0	3.0	0.06557377049180328	-3.3
shuffle_Hsa-Mir-483_pre_4	0	63	6	19	6.0	5.0	0.09523809523809523	-12.0
shuffle_Hsa-Mir-483_pre_7	0	63	11	5	11.0	10.0	0.1746031746031746	-9.2
shuffle_Hsa-Mir-483_pre_9	0	63	5	7	5.0	4.0	0.07936507936507936	-11.5
shuffle_Hsa-Mir-484_pre_0	0	57	6	3	6.0	5.0	0.10526315789473684	-28.7
shuffle_Hsa-Mir-484_pre_1	0	57	7	5	7.0	6.0	0.12280701754385964	-27.4
shuffle_Hsa-Mir-484_pre_2	0	57	5	8	5.0	4.0	0.08771929824561403	-23.0
shuffle_Hsa-Mir-484_pre_3	0	57	6	5	6.0	5.0	0.10526315789473684	-22.9
shuffle_Hsa-Mir-486_pre_4	0	64	5	6	5.0	4.0	0.078125	-20.2
shuffle_Hsa-Mir-486_pre_9	0	64	7	6	7.0	6.0	0.109375	-18.5
shuffle_Hsa-Mir-488_pre_1	0	59	6	6	6.0	5.0	0.1016949152542373	-6.3
shuffle_Hsa-Mir-488_pre_8	0	59	1	16	1.0	0.0	0.01694915254237288	-9.8
shuffle_Hsa-Mir-489-v1_pre_2	0	60	9	4	9.0	8.0	0.15	-11.6
shuffle_Hsa-Mir-489-v1_pre_6	0	60	5	7	5.0	4.0	0.08333333333333333	-12.2
shuffle_Hsa-Mir-489-v1_pre_8	0	60	5	4	5.0	4.0	0.08333333333333333	-15.0
shuffle_Hsa-Mir-489-v1_pre_9	0	60	7	7	7.0	6.0	0.11666666666666667	-14.2
shuffle_Hsa-Mir-490_pre_0	0	60	8	10	8.0	7.0	0.13333333333333333	-13.5
shuffle_Hsa-Mir-490_pre_2	0	60	6	6	6.0	5.0	0.1	-16.0
shuffle_Hsa-Mir-490_pre_3	0	60	8	8	8.0	7.0	0.13333333333333333	-13.5
shuffle_Hsa-Mir-491_pre_3	0	56	7	6	7.0	6.0	0.125	-11.5
shuffle_Hsa-Mir-491_pre_4	0	56	5	8	5.0	4.0	0.08928571428571429	-9.4
shuffle_Hsa-Mir-491_pre_9	0	56	6	4	6.0	5.0	0.10714285714285714	-11.7
shuffle_Hsa-Mir-493_pre_3	0	62	4	3	4.0	3.0	0.06451612903225806	-11.6
shuffle_Hsa-Mir-493_pre_7	0	62	9	8	9.0	8.0	0.14516129032258066	-13.2
shuffle_Hsa-Mir-493_pre_9	0	62	5	9	5.0	4.0	0.08064516129032258	-15.0
shuffle_Hsa-Mir-499_pre_0	0	59	8	8	8.0	7.0	0.13559322033898305	-11.8
shuffle_Hsa-Mir-499_pre_1	0	59	5	11	5.0	4.0	0.0847457627118644	-8.5
shuffle_Hsa-Mir-499_pre_3	0	59	6	9	6.0	5.0	0.1016949152542373	-6.8
shuffle_Hsa-Mir-499_pre_7	0	59	9	6	9.0	8.0	0.15254237288135594	-7.1
shuffle_Hsa-Mir-504-v1_pre_4	0	59	6	6	6.0	5.0	0.1016949152542373	-19.4
shuffle_Hsa-Mir-504-v1_pre_6	0	59	6	5	6.0	5.0	0.1016949152542373	-21.6
shuffle_Hsa-Mir-504-v1_pre_7	0	59	6	11	6.0	5.0	0.1016949152542373	-12.2
shuffle_Hsa-Mir-505-v1_pre_6	0	59	6	7	6.0	5.0	0.1016949152542373	-13.4
shuffle_Hsa-Mir-506-P1a1_pre_2	0	58	1	7	1.0	0.0	0.017241379310344827	-10.2
shuffle_Hsa-Mir-506-P1a1_pre_4	0	58	3	5	3.0	2.0	0.05172413793103448	-6.0
shuffle_Hsa-Mir-506-P1a2_pre_4	0	58	5	5	5.0	4.0	0.08620689655172414	-7.5
shuffle_Hsa-Mir-506-P1a2_pre_5	0	58	3	9	3.0	2.0	0.05172413793103448	-7.6
shuffle_Hsa-Mir-506-P1a3_pre_1	0	58	5	16	5.0	4.0	0.08620689655172414	-7.2
shuffle_Hsa-Mir-506-P1a3_pre_2	0	58	6	7	6.0	5.0	0.10344827586206896	-6.2
shuffle_Hsa-Mir-506-P1a3_pre_9	0	58	5	5	5.0	4.0	0.08620689655172414	-6.2
shuffle_Hsa-Mir-506-P1b_pre_3	0	58	4	12	4.0	3.0	0.06896551724137931	-6.8
shuffle_Hsa-Mir-506-P1c1_pre_6	0	58	9	6	9.0	8.0	0.15517241379310345	-8.8
shuffle_Hsa-Mir-506-P1c2_pre_1	0	57	5	4	5.0	4.0	0.08771929824561403	-7.1
shuffle_Hsa-Mir-506-P1c2_pre_3	0	57	4	4	4.0	3.0	0.07017543859649122	-8.7
shuffle_Hsa-Mir-506-P1c2_pre_9	0	57	3	19	3.0	2.0	0.05263157894736842	-6.2
shuffle_Hsa-Mir-506-P1c3_pre_0	0	58	6	6	6.0	5.0	0.10344827586206896	-6.5
shuffle_Hsa-Mir-506-P1c3_pre_5	0	58	6	8	6.0	5.0	0.10344827586206896	-9.2
shuffle_Hsa-Mir-506-P1d_pre_3	0	61	7	8	7.0	6.0	0.11475409836065574	-7.9
shuffle_Hsa-Mir-506-P1e_pre_8	0	58	6	4	6.0	5.0	0.10344827586206896	-8.8
shuffle_Hsa-Mir-506-P2b_pre_3	0	58	3	9	3.0	2.0	0.05172413793103448	-9.8
shuffle_Hsa-Mir-506-P2b_pre_5	0	58	9	6	9.0	8.0	0.15517241379310345	-7.3
shuffle_Hsa-Mir-506-P3_pre_2	0	58	6	8	6.0	5.0	0.10344827586206896	-9.3
shuffle_Hsa-Mir-506-P3_pre_4	0	58	4	6	4.0	3.0	0.06896551724137931	-7.3
shuffle_Hsa-Mir-506-P5a1_pre_3	0	58	4	5	4.0	3.0	0.06896551724137931	-10.7
shuffle_Hsa-Mir-506-P5a1_pre_4	0	58	5	7	5.0	4.0	0.08620689655172414	-11.5
shuffle_Hsa-Mir-506-P5a2_pre_0	0	58	2	8	2.0	1.0	0.034482758620689655	-6.9
shuffle_Hsa-Mir-506-P5a2_pre_3	0	58	5	9	5.0	4.0	0.08620689655172414	-10.7
shuffle_Hsa-Mir-506-P5a2_pre_6	0	58	3	9	3.0	2.0	0.05172413793103448	-5.7
shuffle_Hsa-Mir-506-P5a2_pre_8	0	58	6	5	6.0	5.0	0.10344827586206896	-5.3
shuffle_Hsa-Mir-506-P5b_pre_7	0	58	4	9	4.0	3.0	0.06896551724137931	-9.1
shuffle_Hsa-Mir-506-P5c_pre_0	0	58	5	5	5.0	4.0	0.08620689655172414	-12.1
shuffle_Hsa-Mir-506-P5c_pre_4	0	58	5	6	5.0	4.0	0.08620689655172414	-6.9
shuffle_Hsa-Mir-506-P5c_pre_5	0	58	10	10	10.0	9.0	0.1724137931034483	-9.9
shuffle_Hsa-Mir-506-P6a_pre_0	0	57	3	4	3.0	2.0	0.05263157894736842	-9.5
shuffle_Hsa-Mir-506-P6a_pre_3	0	57	6	4	6.0	5.0	0.10526315789473684	-10.9
shuffle_Hsa-Mir-506-P6a_pre_5	0	57	7	3	7.0	6.0	0.12280701754385964	-17.8
shuffle_Hsa-Mir-506-P6b_pre_5	0	57	7	8	7.0	6.0	0.12280701754385964	-8.9
shuffle_Hsa-Mir-506-P6b_pre_7	0	57	5	11	5.0	4.0	0.08771929824561403	-4.2
shuffle_Hsa-Mir-506-P6b_pre_9	0	57	3	6	3.0	2.0	0.05263157894736842	-8.1
shuffle_Hsa-Mir-506-P6c_pre_3	0	57	5	6	5.0	4.0	0.08771929824561403	-9.2
shuffle_Hsa-Mir-506-P6d_pre_0	0	57	4	9	4.0	3.0	0.07017543859649122	-4.0
shuffle_Hsa-Mir-506-P6e_pre_5	0	57	6	8	6.0	5.0	0.10526315789473684	-8.5
shuffle_Hsa-Mir-506-P6e_pre_6	0	57	9	3	9.0	8.0	0.15789473684210525	-6.2
shuffle_Hsa-Mir-506-P6e_pre_9	0	57	6	10	6.0	5.0	0.10526315789473684	-6.0
shuffle_Hsa-Mir-511_pre_0	0	61	2	7	2.0	1.0	0.03278688524590164	-8.4
shuffle_Hsa-Mir-511_pre_1	0	61	3	5	3.0	2.0	0.04918032786885246	-7.0
shuffle_Hsa-Mir-511_pre_7	0	61	2	13	2.0	1.0	0.03278688524590164	-10.9
shuffle_Hsa-Mir-541_pre_2	0	66	7	5	7.0	6.0	0.10606060606060606	-16.7
shuffle_Hsa-Mir-541_pre_8	0	66	5	10	5.0	4.0	0.07575757575757576	-14.9
shuffle_Hsa-Mir-542-v1_pre_4	0	59	9	6	9.0	8.0	0.15254237288135594	-9.8
shuffle_Hsa-Mir-544_pre_5	0	57	7	4	7.0	6.0	0.12280701754385964	-5.6
shuffle_Hsa-Mir-544_pre_7	0	57	7	7	7.0	6.0	0.12280701754385964	-6.0
shuffle_Hsa-Mir-544_pre_8	0	57	2	21	2.0	1.0	0.03508771929824561	-6.6
shuffle_Hsa-Mir-550-P1_pre_0	0	62	7	7	7.0	6.0	0.11290322580645161	-13.9
shuffle_Hsa-Mir-550-P1_pre_1	0	62	7	7	7.0	6.0	0.11290322580645161	-15.3
shuffle_Hsa-Mir-550-P1_pre_9	0	62	5	18	5.0	4.0	0.08064516129032258	-14.2
shuffle_Hsa-Mir-550-P2a_pre_7	0	62	9	8	9.0	8.0	0.14516129032258066	-13.8
shuffle_Hsa-Mir-550-P2b_pre_3	0	62	4	7	4.0	3.0	0.06451612903225806	-24.4
shuffle_Hsa-Mir-550-P2b_pre_6	0	62	9	6	9.0	8.0	0.14516129032258066	-16.2
shuffle_Hsa-Mir-550-P2b_pre_7	0	62	7	5	7.0	6.0	0.11290322580645161	-15.0
shuffle_Hsa-Mir-551-P1_pre_0	0	60	6	5	6.0	5.0	0.1	-15.7
shuffle_Hsa-Mir-551-P1_pre_2	0	60	4	10	4.0	3.0	0.06666666666666667	-14.5
shuffle_Hsa-Mir-551-P1_pre_4	0	60	7	11	7.0	6.0	0.11666666666666667	-14.2
shuffle_Hsa-Mir-551-P1_pre_5	0	60	7	4	7.0	6.0	0.11666666666666667	-17.0
shuffle_Hsa-Mir-551-P2_pre_4	0	60	8	7	8.0	7.0	0.13333333333333333	-17.4
shuffle_Hsa-Mir-551-P2_pre_6	0	60	7	6	7.0	6.0	0.11666666666666667	-15.9
shuffle_Hsa-Mir-552_pre_9	0	59	3	8	3.0	2.0	0.05084745762711865	-8.6
shuffle_Hsa-Mir-556_pre_0	0	60	5	8	5.0	4.0	0.08333333333333333	-6.0
shuffle_Hsa-Mir-556_pre_1	0	60	5	5	5.0	4.0	0.08333333333333333	-3.9
shuffle_Hsa-Mir-556_pre_4	0	60	3	3	3.0	2.0	0.05	-3.7
shuffle_Hsa-Mir-556_pre_5	0	60	1	5	1.0	0.0	0.016666666666666666	-3.3
shuffle_Hsa-Mir-556_pre_9	0	60	6	6	6.0	5.0	0.1	-6.0
shuffle_Hsa-Mir-561_pre_2	0	57	3	23	3.0	2.0	0.05263157894736842	-7.2
shuffle_Hsa-Mir-574_pre_3	0	58	8	6	8.0	7.0	0.13793103448275862	-15.6
shuffle_Hsa-Mir-576_pre_2	0	62	7	5	7.0	6.0	0.11290322580645161	-9.6
shuffle_Hsa-Mir-576_pre_3	0	62	6	12	6.0	5.0	0.0967741935483871	-9.5
shuffle_Hsa-Mir-577_pre_0	0	59	5	6	5.0	4.0	0.0847457627118644	-15.6
shuffle_Hsa-Mir-577_pre_2	0	59	6	9	6.0	5.0	0.1016949152542373	-10.2
shuffle_Hsa-Mir-577_pre_3	0	59	5	10	5.0	4.0	0.0847457627118644	-7.1
shuffle_Hsa-Mir-577_pre_5	0	59	5	12	5.0	4.0	0.0847457627118644	-7.2
shuffle_Hsa-Mir-577_pre_8	0	59	5	14	5.0	4.0	0.0847457627118644	-6.1
shuffle_Hsa-Mir-579_pre_1	0	60	6	8	6.0	5.0	0.1	-7.2
shuffle_Hsa-Mir-579_pre_9	0	60	6	7	6.0	5.0	0.1	-11.1
shuffle_Hsa-Mir-580_pre_2	0	61	4	13	4.0	3.0	0.06557377049180328	-5.0
shuffle_Hsa-Mir-582-v1_pre_3	0	60	3	18	3.0	2.0	0.05	-4.6
shuffle_Hsa-Mir-582-v1_pre_6	0	60	2	6	2.0	1.0	0.03333333333333333	-4.9
shuffle_Hsa-Mir-584_pre_0	0	62	6	7	6.0	5.0	0.0967741935483871	-22.5
shuffle_Hsa-Mir-584_pre_2	0	62	8	4	8.0	7.0	0.12903225806451613	-16.7
shuffle_Hsa-Mir-584_pre_6	0	62	9	5	9.0	8.0	0.14516129032258066	-14.1
shuffle_Hsa-Mir-584_pre_8	0	62	4	4	4.0	3.0	0.06451612903225806	-18.4
shuffle_Hsa-Mir-584_pre_9	0	62	4	11	4.0	3.0	0.06451612903225806	-15.6
shuffle_Hsa-Mir-585_pre_1	0	58	8	5	8.0	7.0	0.13793103448275862	-9.0
shuffle_Hsa-Mir-585_pre_2	0	58	4	6	4.0	3.0	0.06896551724137931	-12.2
shuffle_Hsa-Mir-585_pre_4	0	58	4	12	4.0	3.0	0.06896551724137931	-11.3
shuffle_Hsa-Mir-589_pre_0	0	61	9	15	9.0	8.0	0.14754098360655737	-12.3
shuffle_Hsa-Mir-589_pre_1	0	61	5	10	5.0	4.0	0.08196721311475409	-12.2
shuffle_Hsa-Mir-590_pre_2	0	61	7	5	7.0	6.0	0.11475409836065574	-7.4
shuffle_Hsa-Mir-592_pre_3	0	61	5	9	5.0	4.0	0.08196721311475409	-11.8
shuffle_Hsa-Mir-599_pre_1	0	59	7	10	7.0	6.0	0.11864406779661017	-8.8
shuffle_Hsa-Mir-599_pre_2	0	59	5	14	5.0	4.0	0.0847457627118644	-9.9
shuffle_Hsa-Mir-599_pre_5	0	59	9	5	9.0	8.0	0.15254237288135594	-12.7
shuffle_Hsa-Mir-605-v1_pre_6	0	57	4	9	4.0	3.0	0.07017543859649122	-11.5
shuffle_Hsa-Mir-605-v1_pre_9	0	57	7	8	7.0	6.0	0.12280701754385964	-7.9
shuffle_Hsa-Mir-615_pre_0	0	64	6	8	6.0	5.0	0.09375	-22.4
shuffle_Hsa-Mir-615_pre_7	0	64	8	7	8.0	7.0	0.125	-22.8
shuffle_Hsa-Mir-616_pre_1	0	62	8	6	8.0	7.0	0.12903225806451613	-11.0
shuffle_Hsa-Mir-616_pre_5	0	62	6	8	6.0	5.0	0.0967741935483871	-10.1
shuffle_Hsa-Mir-624_pre_2	0	58	5	10	5.0	4.0	0.08620689655172414	-5.5
shuffle_Hsa-Mir-624_pre_5	0	58	5	13	5.0	4.0	0.08620689655172414	-6.2
shuffle_Hsa-Mir-628_pre_1	0	61	8	6	8.0	7.0	0.13114754098360656	-7.6
shuffle_Hsa-Mir-628_pre_6	0	61	7	6	7.0	6.0	0.11475409836065574	-11.7
shuffle_Hsa-Mir-628_pre_8	0	61	5	10	5.0	4.0	0.08196721311475409	-6.1
shuffle_Hsa-Mir-629_pre_0	0	61	7	5	7.0	6.0	0.11475409836065574	-14.0
shuffle_Hsa-Mir-629_pre_3	0	61	4	8	4.0	3.0	0.06557377049180328	-12.4
shuffle_Hsa-Mir-629_pre_6	0	61	4	6	4.0	3.0	0.06557377049180328	-10.5
shuffle_Hsa-Mir-629_pre_7	0	61	5	4	5.0	4.0	0.08196721311475409	-11.6
shuffle_Hsa-Mir-651_pre_0	0	60	2	11	2.0	1.0	0.03333333333333333	-5.6
shuffle_Hsa-Mir-651_pre_9	0	60	9	8	9.0	8.0	0.15	-3.3
shuffle_Hsa-Mir-652_pre_0	0	62	10	4	10.0	9.0	0.16129032258064516	-11.1
shuffle_Hsa-Mir-652_pre_2	0	62	13	4	13.0	12.0	0.20967741935483872	-13.2
shuffle_Hsa-Mir-652_pre_7	0	62	7	8	7.0	6.0	0.11290322580645161	-10.1
shuffle_Hsa-Mir-653_pre_1	0	57	5	7	5.0	4.0	0.08771929824561403	-7.2
shuffle_Hsa-Mir-653_pre_2	0	57	7	9	7.0	6.0	0.12280701754385964	-7.0
shuffle_Hsa-Mir-670_pre_2	0	64	9	3	9.0	8.0	0.140625	-11.8
shuffle_Hsa-Mir-670_pre_3	0	64	6	7	6.0	5.0	0.09375	-11.7
shuffle_Hsa-Mir-671_pre_0	0	60	8	4	8.0	7.0	0.13333333333333333	-21.1
shuffle_Hsa-Mir-671_pre_5	0	60	9	8	9.0	8.0	0.15	-16.9
shuffle_Hsa-Mir-675_pre_4	0	57	3	6	3.0	2.0	0.05263157894736842	-18.6
shuffle_Hsa-Mir-675_pre_7	0	57	8	6	8.0	7.0	0.14035087719298245	-19.5
shuffle_Hsa-Mir-676_pre_9	0	57	6	11	6.0	5.0	0.10526315789473684	-7.8
shuffle_Hsa-Mir-708_pre_5	0	69	10	6	10.0	9.0	0.14492753623188406	-13.8
shuffle_Hsa-Mir-744_pre_7	0	78	6	9	6.0	5.0	0.07692307692307693	-24.2
shuffle_Hsa-Mir-760_pre_7	0	58	7	7	7.0	6.0	0.1206896551724138	-19.0
shuffle_Hsa-Mir-760_pre_8	0	58	7	11	7.0	6.0	0.1206896551724138	-17.4
shuffle_Hsa-Mir-766_pre_1	0	58	3	8	3.0	2.0	0.05172413793103448	-15.5
shuffle_Hsa-Mir-766_pre_8	0	58	4	9	4.0	3.0	0.06896551724137931	-16.5
shuffle_Hsa-Mir-769_pre_2	0	61	3	7	3.0	2.0	0.04918032786885246	-16.1
shuffle_Hsa-Mir-769_pre_8	0	61	3	8	3.0	2.0	0.04918032786885246	-13.3
shuffle_Hsa-Mir-769_pre_9	0	61	8	6	8.0	7.0	0.13114754098360656	-18.1
shuffle_Hsa-Mir-770_pre_9	0	62	7	15	7.0	6.0	0.11290322580645161	-17.0
shuffle_Hsa-Mir-873-v1_pre_1	0	59	4	3	4.0	3.0	0.06779661016949153	-10.2
shuffle_Hsa-Mir-874_pre_0	0	60	5	8	5.0	4.0	0.08333333333333333	-19.1
shuffle_Hsa-Mir-874_pre_1	0	60	7	6	7.0	6.0	0.11666666666666667	-16.5
shuffle_Hsa-Mir-874_pre_6	0	60	7	8	7.0	6.0	0.11666666666666667	-16.4
shuffle_Hsa-Mir-874_pre_8	0	60	5	9	5.0	4.0	0.08333333333333333	-16.3
shuffle_Hsa-Mir-874_pre_9	0	60	7	8	7.0	6.0	0.11666666666666667	-15.9
shuffle_Hsa-Mir-875_pre_1	0	56	5	5	5.0	4.0	0.08928571428571429	-4.4
shuffle_Hsa-Mir-875_pre_3	0	56	4	6	4.0	3.0	0.07142857142857142	-3.5
shuffle_Hsa-Mir-875_pre_8	0	56	5	8	5.0	4.0	0.08928571428571429	-3.6
shuffle_Hsa-Mir-875_pre_9	0	56	5	8	5.0	4.0	0.08928571428571429	-11.3
shuffle_Hsa-Mir-876-v1_pre_1	0	59	4	3	4.0	3.0	0.06779661016949153	-10.2
shuffle_Hsa-Mir-876-v1_pre_2	0	59	3	12	3.0	2.0	0.05084745762711865	-7.5
shuffle_Hsa-Mir-876-v1_pre_4	0	59	6	6	6.0	5.0	0.1016949152542373	-6.0
shuffle_Hsa-Mir-876-v1_pre_7	0	59	7	6	7.0	6.0	0.11864406779661017	-3.2
shuffle_Hsa-Mir-885_pre_1	0	54	5	5	5.0	4.0	0.09259259259259259	-12.5
shuffle_Hsa-Mir-885_pre_2	0	54	5	7	5.0	4.0	0.09259259259259259	-8.4
shuffle_Hsa-Mir-885_pre_7	0	54	6	9	6.0	5.0	0.1111111111111111	-10.9
shuffle_Hsa-Mir-885_pre_9	0	54	5	6	5.0	4.0	0.09259259259259259	-13.1
shuffle_Hsa-Mir-887_pre_2	0	65	9	8	9.0	8.0	0.13846153846153847	-11.3
shuffle_Hsa-Mir-934_pre_2	0	57	8	4	8.0	7.0	0.14035087719298245	-8.8
shuffle_Hsa-Mir-935-v1_pre_4	0	60	6	6	6.0	5.0	0.1	-18.1
shuffle_Hsa-Mir-935-v1_pre_5	0	60	4	4	4.0	3.0	0.06666666666666667	-17.8
shuffle_Hsa-Mir-1180_pre_6	0	56	6	5	6.0	5.0	0.10714285714285714	-17.7
shuffle_Hsa-Mir-1247_pre_0	0	58	11	4	11.0	10.0	0.1896551724137931	-14.8
shuffle_Hsa-Mir-1247_pre_2	0	58	5	10	5.0	4.0	0.08620689655172414	-17.0
shuffle_Hsa-Mir-1247_pre_8	0	58	3	10	3.0	2.0	0.05172413793103448	-22.0
shuffle_Hsa-Mir-1249_pre_3	0	59	8	6	8.0	7.0	0.13559322033898305	-14.3
shuffle_Hsa-Mir-1249_pre_7	0	59	5	7	5.0	4.0	0.0847457627118644	-24.7
shuffle_Hsa-Mir-1251_pre_1	0	59	5	17	5.0	4.0	0.0847457627118644	-12.2
shuffle_Hsa-Mir-1251_pre_5	0	59	5	16	5.0	4.0	0.0847457627118644	-10.8
shuffle_Hsa-Mir-1251_pre_9	0	59	6	7	6.0	5.0	0.1016949152542373	-12.8
shuffle_Hsa-Mir-1252_pre_4	0	59	6	10	6.0	5.0	0.1016949152542373	-6.6
shuffle_Hsa-Mir-1264_pre_8	0	63	7	9	7.0	6.0	0.1111111111111111	-10.9
shuffle_Hsa-Mir-1266_pre_8	0	58	6	5	6.0	5.0	0.10344827586206896	-16.0
shuffle_Hsa-Mir-1269_pre_3	0	64	9	5	9.0	8.0	0.140625	-16.9
shuffle_Hsa-Mir-1270_pre_1	0	59	8	5	8.0	7.0	0.13559322033898305	-5.9
shuffle_Hsa-Mir-1270_pre_4	0	59	5	3	5.0	4.0	0.0847457627118644	-8.9
shuffle_Hsa-Mir-1271_pre_1	0	58	5	7	5.0	4.0	0.08620689655172414	-20.0
shuffle_Hsa-Mir-1271_pre_3	0	58	6	9	6.0	5.0	0.10344827586206896	-9.5
shuffle_Hsa-Mir-1271_pre_4	0	58	7	12	7.0	6.0	0.1206896551724138	-11.0
shuffle_Hsa-Mir-1276_pre_0	0	60	8	6	8.0	7.0	0.13333333333333333	-9.4
shuffle_Hsa-Mir-1276_pre_8	0	60	7	5	7.0	6.0	0.11666666666666667	-17.6
shuffle_Hsa-Mir-1278_pre_6	0	61	6	8	6.0	5.0	0.09836065573770492	-6.0
shuffle_Hsa-Mir-1278_pre_7	0	61	5	6	5.0	4.0	0.08196721311475409	-8.3
shuffle_Hsa-Mir-1286_pre_4	0	56	4	8	4.0	3.0	0.07142857142857142	-13.3
shuffle_Hsa-Mir-1286_pre_6	0	56	3	16	3.0	2.0	0.05357142857142857	-12.6
shuffle_Hsa-Mir-1286_pre_7	0	56	5	7	5.0	4.0	0.08928571428571429	-13.0
shuffle_Hsa-Mir-1286_pre_9	0	56	5	11	5.0	4.0	0.08928571428571429	-10.9
shuffle_Hsa-Mir-1287_pre_0	0	61	6	5	6.0	5.0	0.09836065573770492	-10.0
shuffle_Hsa-Mir-1287_pre_1	0	61	11	6	11.0	10.0	0.18032786885245902	-12.8
shuffle_Hsa-Mir-1294_pre_0	0	59	7	9	7.0	6.0	0.11864406779661017	-8.4
shuffle_Hsa-Mir-1295_pre_2	0	61	8	6	8.0	7.0	0.13114754098360656	-14.1
shuffle_Hsa-Mir-1295_pre_3	0	61	10	8	10.0	9.0	0.16393442622950818	-10.5
shuffle_Hsa-Mir-1296_pre_7	0	65	6	9	6.0	5.0	0.09230769230769231	-17.5
shuffle_Hsa-Mir-1296_pre_8	0	65	8	4	8.0	7.0	0.12307692307692308	-18.6
shuffle_Hsa-Mir-1296_pre_9	0	65	7	3	7.0	6.0	0.1076923076923077	-14.8
shuffle_Hsa-Mir-1298_pre_5	0	76	4	14	4.0	3.0	0.05263157894736842	-11.6
shuffle_Hsa-Mir-1306_pre_2	0	61	9	5	9.0	8.0	0.14754098360655737	-16.9
shuffle_Hsa-Mir-1306_pre_3	0	61	7	6	7.0	6.0	0.11475409836065574	-14.9
shuffle_Hsa-Mir-1306_pre_8	0	61	6	7	6.0	5.0	0.09836065573770492	-19.8
shuffle_Hsa-Mir-1307_pre_0	0	62	5	9	5.0	4.0	0.08064516129032258	-28.2
shuffle_Hsa-Mir-1307_pre_8	0	62	5	6	5.0	4.0	0.08064516129032258	-26.0
shuffle_Hsa-Mir-1343_pre_4	0	59	7	5	7.0	6.0	0.11864406779661017	-31.1
shuffle_Hsa-Mir-1908_pre_1	0	58	6	6	6.0	5.0	0.10344827586206896	-27.0
shuffle_Hsa-Mir-1908_pre_2	0	58	4	4	4.0	3.0	0.06896551724137931	-24.2
shuffle_Hsa-Mir-1910_pre_2	0	60	6	3	6.0	5.0	0.1	-13.2
shuffle_Hsa-Mir-1910_pre_3	0	60	5	8	5.0	4.0	0.08333333333333333	-18.2
shuffle_Hsa-Mir-1910_pre_5	0	60	7	4	7.0	6.0	0.11666666666666667	-17.7
shuffle_Hsa-Mir-1910_pre_6	0	60	5	6	5.0	4.0	0.08333333333333333	-18.0
shuffle_Hsa-Mir-1911_pre_0	0	59	7	7	7.0	6.0	0.11864406779661017	-11.8
shuffle_Hsa-Mir-1911_pre_5	0	59	3	8	3.0	2.0	0.05084745762711865	-19.0
shuffle_Hsa-Mir-1912_pre_1	0	55	7	7	7.0	6.0	0.12727272727272726	-10.4
shuffle_Hsa-Mir-1912_pre_3	0	55	3	12	3.0	2.0	0.05454545454545454	-7.2
shuffle_Hsa-Mir-1912_pre_5	0	55	5	5	5.0	4.0	0.09090909090909091	-7.6
shuffle_Hsa-Mir-1912_pre_9	0	55	4	7	4.0	3.0	0.07272727272727272	-9.2
shuffle_Hsa-Mir-1913_pre_4	0	59	9	5	9.0	8.0	0.15254237288135594	-16.4
shuffle_Hsa-Mir-1913_pre_5	0	59	10	5	10.0	9.0	0.1694915254237288	-19.9
shuffle_Hsa-Mir-1913_pre_7	0	59	4	6	4.0	3.0	0.06779661016949153	-16.9
shuffle_Hsa-Mir-1914_pre_0	0	58	7	6	7.0	6.0	0.1206896551724138	-20.4
shuffle_Hsa-Mir-1914_pre_4	0	58	6	8	6.0	5.0	0.10344827586206896	-21.3
shuffle_Hsa-Mir-1914_pre_6	0	58	7	4	7.0	6.0	0.1206896551724138	-17.9
shuffle_Hsa-Mir-1914_pre_7	0	58	6	6	6.0	5.0	0.10344827586206896	-25.1
shuffle_Hsa-Mir-1914_pre_9	0	58	6	3	6.0	5.0	0.10344827586206896	-20.5
shuffle_Hsa-Mir-2114_pre_3	0	59	4	11	4.0	3.0	0.06779661016949153	-15.2
shuffle_Hsa-Mir-2114_pre_6	0	59	6	7	6.0	5.0	0.1016949152542373	-12.5
shuffle_Hsa-Mir-2115_pre_4	0	60	6	8	6.0	5.0	0.1	-7.9
shuffle_Hsa-Mir-2276_pre_0	0	60	7	10	7.0	6.0	0.11666666666666667	-18.3
shuffle_Hsa-Mir-2276_pre_1	0	60	6	6	6.0	5.0	0.1	-12.5
shuffle_Hsa-Mir-2276_pre_2	0	60	9	9	9.0	8.0	0.15	-15.0
shuffle_Hsa-Mir-2276_pre_7	0	60	6	6	6.0	5.0	0.1	-20.4
shuffle_Hsa-Mir-2355_pre_9	0	67	5	9	5.0	4.0	0.07462686567164178	-12.8
shuffle_Hsa-Mir-2467_pre_2	0	62	7	6	7.0	6.0	0.11290322580645161	-18.0
shuffle_Hsa-Mir-2467_pre_6	0	62	5	4	5.0	4.0	0.08064516129032258	-19.7
shuffle_Hsa-Mir-3059_pre_1	0	58	2	12	2.0	1.0	0.034482758620689655	-16.0
shuffle_Hsa-Mir-3059_pre_4	0	58	7	6	7.0	6.0	0.1206896551724138	-11.7
shuffle_Hsa-Mir-3059_pre_5	0	58	7	7	7.0	6.0	0.1206896551724138	-13.2
shuffle_Hsa-Mir-3085_pre_5	0	61	6	6	6.0	5.0	0.09836065573770492	-14.1
shuffle_Hsa-Mir-3085_pre_6	0	61	8	4	8.0	7.0	0.13114754098360656	-12.7
shuffle_Hsa-Mir-3126_pre_9	0	58	6	7	6.0	5.0	0.10344827586206896	-14.2
shuffle_Hsa-Mir-3127_pre_5	0	58	6	6	6.0	5.0	0.10344827586206896	-13.1
shuffle_Hsa-Mir-3136_pre_0	0	62	3	7	3.0	2.0	0.04838709677419355	-8.8
shuffle_Hsa-Mir-3136_pre_2	0	62	6	7	6.0	5.0	0.0967741935483871	-10.8
shuffle_Hsa-Mir-3136_pre_9	0	62	7	5	7.0	6.0	0.11290322580645161	-12.6
shuffle_Hsa-Mir-3138_pre_0	0	62	5	5	5.0	4.0	0.08064516129032258	-17.0
shuffle_Hsa-Mir-3138_pre_1	0	62	8	6	8.0	7.0	0.12903225806451613	-14.2
shuffle_Hsa-Mir-3138_pre_6	0	62	5	7	5.0	4.0	0.08064516129032258	-18.8
shuffle_Hsa-Mir-3138_pre_7	0	62	7	5	7.0	6.0	0.11290322580645161	-17.5
shuffle_Hsa-Mir-3138_pre_9	0	62	6	4	6.0	5.0	0.0967741935483871	-14.7
shuffle_Hsa-Mir-3140_pre_0	0	69	7	6	7.0	6.0	0.10144927536231885	-14.0
shuffle_Hsa-Mir-3140_pre_2	0	69	9	8	9.0	8.0	0.13043478260869565	-8.3
shuffle_Hsa-Mir-3140_pre_8	0	69	5	8	5.0	4.0	0.07246376811594203	-8.0
shuffle_Hsa-Mir-3144-v1_pre_0	0	59	3	22	3.0	2.0	0.05084745762711865	-9.0
shuffle_Hsa-Mir-3144-v1_pre_6	0	59	5	8	5.0	4.0	0.0847457627118644	-6.6
shuffle_Hsa-Mir-3145_pre_2	0	62	6	15	6.0	5.0	0.0967741935483871	-11.9
shuffle_Hsa-Mir-3145_pre_8	0	62	7	12	7.0	6.0	0.11290322580645161	-7.6
shuffle_Hsa-Mir-3145_pre_9	0	62	6	10	6.0	5.0	0.0967741935483871	-7.8
shuffle_Hsa-Mir-3146_pre_1	0	63	3	9	3.0	2.0	0.047619047619047616	-10.7
shuffle_Hsa-Mir-3146_pre_7	0	63	6	8	6.0	5.0	0.09523809523809523	-10.1
shuffle_Hsa-Mir-3173_pre_3	0	61	6	8	6.0	5.0	0.09836065573770492	-11.0
shuffle_Hsa-Mir-3173_pre_5	0	61	10	7	10.0	9.0	0.16393442622950818	-9.9
shuffle_Hsa-Mir-3173_pre_8	0	61	6	5	6.0	5.0	0.09836065573770492	-9.2
shuffle_Hsa-Mir-3173_pre_9	0	61	4	4	4.0	3.0	0.06557377049180328	-13.2
shuffle_Hsa-Mir-3174_pre_0	0	70	10	4	10.0	9.0	0.14285714285714285	-13.5
shuffle_Hsa-Mir-3174_pre_3	0	70	7	6	7.0	6.0	0.1	-17.8
shuffle_Hsa-Mir-3180-P1_pre_9	0	66	7	6	7.0	6.0	0.10606060606060606	-22.0
shuffle_Hsa-Mir-3180-P2_pre_3	0	66	8	3	8.0	7.0	0.12121212121212122	-29.9
shuffle_Hsa-Mir-3180-P2_pre_8	0	66	5	7	5.0	4.0	0.07575757575757576	-32.9
shuffle_Hsa-Mir-3180-P3_pre_2	0	66	9	5	9.0	8.0	0.13636363636363635	-27.1
shuffle_Hsa-Mir-3187_pre_1	0	60	8	4	8.0	7.0	0.13333333333333333	-21.3
shuffle_Hsa-Mir-3187_pre_2	0	60	8	5	8.0	7.0	0.13333333333333333	-23.1
shuffle_Hsa-Mir-3187_pre_5	0	60	5	6	5.0	4.0	0.08333333333333333	-22.6
shuffle_Hsa-Mir-3194_pre_3	0	57	10	4	10.0	9.0	0.17543859649122806	-24.8
shuffle_Hsa-Mir-3194_pre_9	0	57	9	4	9.0	8.0	0.15789473684210525	-24.3
shuffle_Hsa-Mir-3611_pre_0	0	61	7	11	7.0	6.0	0.11475409836065574	-3.2
shuffle_Hsa-Mir-3611_pre_5	0	61	1	4	1.0	0.0	0.01639344262295082	-6.0
shuffle_Hsa-Mir-3613_pre_1	0	59	3	9	3.0	2.0	0.05084745762711865	-5.2
shuffle_Hsa-Mir-3613_pre_2	0	59	4	3	4.0	3.0	0.06779661016949153	-7.2
shuffle_Hsa-Mir-3613_pre_8	0	59	5	11	5.0	4.0	0.0847457627118644	-6.8
shuffle_Hsa-Mir-3613_pre_9	0	59	4	9	4.0	3.0	0.06779661016949153	-4.7
shuffle_Hsa-Mir-3615_pre_0	0	57	6	6	6.0	5.0	0.10526315789473684	-24.8
shuffle_Hsa-Mir-3615_pre_3	0	57	4	8	4.0	3.0	0.07017543859649122	-28.2
shuffle_Hsa-Mir-3615_pre_6	0	57	6	4	6.0	5.0	0.10526315789473684	-27.9
shuffle_Hsa-Mir-3615_pre_7	0	57	11	6	11.0	10.0	0.19298245614035087	-25.4
shuffle_Hsa-Mir-3617_pre_4	0	63	4	6	4.0	3.0	0.06349206349206349	-16.2
shuffle_Hsa-Mir-3617_pre_7	0	63	7	5	7.0	6.0	0.1111111111111111	-6.8
shuffle_Hsa-Mir-3619_pre_5	0	54	3	5	3.0	2.0	0.05555555555555555	-27.4
shuffle_Hsa-Mir-3622_pre_4	0	59	6	8	6.0	5.0	0.1016949152542373	-19.3
shuffle_Hsa-Mir-3663_pre_1	0	60	9	3	9.0	8.0	0.15	-22.8
shuffle_Hsa-Mir-3663_pre_3	0	60	7	6	7.0	6.0	0.11666666666666667	-17.5
shuffle_Hsa-Mir-3663_pre_4	0	60	6	10	6.0	5.0	0.1	-26.5
shuffle_Hsa-Mir-3690_pre_5	0	59	9	4	9.0	8.0	0.15254237288135594	-9.6
shuffle_Hsa-Mir-3909_pre_1	0	62	9	7	9.0	8.0	0.14516129032258066	-20.8
shuffle_Hsa-Mir-3909_pre_3	0	62	7	5	7.0	6.0	0.11290322580645161	-26.6
shuffle_Hsa-Mir-3909_pre_6	0	62	6	7	6.0	5.0	0.0967741935483871	-17.1
shuffle_Hsa-Mir-3909_pre_7	0	62	7	6	7.0	6.0	0.11290322580645161	-18.0
shuffle_Hsa-Mir-3924_pre_1	0	59	3	8	3.0	2.0	0.05084745762711865	-8.5
shuffle_Hsa-Mir-3924_pre_5	0	59	4	8	4.0	3.0	0.06779661016949153	-9.4
shuffle_Hsa-Mir-3924_pre_8	0	59	4	8	4.0	3.0	0.06779661016949153	-5.3
shuffle_Hsa-Mir-3934_pre_9	0	61	6	11	6.0	5.0	0.09836065573770492	-8.3
shuffle_Hsa-Mir-3942_pre_6	0	63	8	8	8.0	7.0	0.12698412698412698	-6.6
shuffle_Hsa-Mir-3942_pre_8	0	63	5	14	5.0	4.0	0.07936507936507936	-10.3
shuffle_Hsa-Mir-3944_pre_7	0	63	6	6	6.0	5.0	0.09523809523809523	-23.1
shuffle_Hsa-Mir-3944_pre_8	0	63	7	10	7.0	6.0	0.1111111111111111	-15.8
shuffle_Hsa-Mir-3944_pre_9	0	63	6	5	6.0	5.0	0.09523809523809523	-24.2
shuffle_Hsa-Mir-4424_pre_1	0	60	6	8	6.0	5.0	0.1	-4.7
shuffle_Hsa-Mir-4424_pre_3	0	60	4	7	4.0	3.0	0.06666666666666667	-6.6
shuffle_Hsa-Mir-4424_pre_5	0	60	3	26	3.0	2.0	0.05	-8.1
shuffle_Hsa-Mir-4524_pre_5	0	56	8	5	8.0	7.0	0.14285714285714285	-6.8
shuffle_Hsa-Mir-4524_pre_8	0	56	9	6	9.0	8.0	0.16071428571428573	-7.7
shuffle_Hsa-Mir-4637_pre_2	0	76	10	6	10.0	9.0	0.13157894736842105	-10.7
shuffle_Hsa-Mir-4637_pre_4	0	76	8	10	8.0	7.0	0.10526315789473684	-11.0
shuffle_Hsa-Mir-4637_pre_8	0	76	5	6	5.0	4.0	0.06578947368421052	-9.2
shuffle_Hsa-Mir-4661_pre_6	0	59	5	9	5.0	4.0	0.0847457627118644	-13.8
shuffle_Hsa-Mir-4661_pre_7	0	59	8	10	8.0	7.0	0.13559322033898305	-6.6
shuffle_Hsa-Mir-4662_pre_1	0	59	7	11	7.0	6.0	0.11864406779661017	-7.8
shuffle_Hsa-Mir-4662_pre_2	0	59	5	15	5.0	4.0	0.0847457627118644	-9.8
shuffle_Hsa-Mir-4662_pre_3	0	59	5	8	5.0	4.0	0.0847457627118644	-7.5
shuffle_Hsa-Mir-4662_pre_6	0	59	7	6	7.0	6.0	0.11864406779661017	-5.0
shuffle_Hsa-Mir-4662_pre_8	0	59	5	6	5.0	4.0	0.0847457627118644	-5.7
shuffle_Hsa-Mir-4664_pre_6	0	56	6	5	6.0	5.0	0.10714285714285714	-17.2
shuffle_Hsa-Mir-4664_pre_9	0	56	6	11	6.0	5.0	0.10714285714285714	-12.2
shuffle_Hsa-Mir-4677_pre_4	0	59	4	8	4.0	3.0	0.06779661016949153	-5.8
shuffle_Hsa-Mir-4731_pre_0	0	54	7	5	7.0	6.0	0.12962962962962962	-11.4
shuffle_Hsa-Mir-4731_pre_1	0	54	3	4	3.0	2.0	0.05555555555555555	-9.2
shuffle_Hsa-Mir-4731_pre_4	0	54	6	5	6.0	5.0	0.1111111111111111	-15.4
shuffle_Hsa-Mir-4731_pre_8	0	54	8	4	8.0	7.0	0.14814814814814814	-10.4
shuffle_Hsa-Mir-4798_pre_9	0	59	6	9	6.0	5.0	0.1016949152542373	-6.3
shuffle_Hsa-Mir-5579_pre_0	0	58	4	14	4.0	3.0	0.06896551724137931	-9.8
shuffle_Hsa-Mir-5579_pre_1	0	58	2	27	2.0	1.0	0.034482758620689655	-7.5
shuffle_Hsa-Mir-5579_pre_2	0	58	5	8	5.0	4.0	0.08620689655172414	-6.4
shuffle_Hsa-Mir-5579_pre_6	0	58	4	15	4.0	3.0	0.06896551724137931	-10.1
shuffle_Hsa-Mir-5586_pre_1	0	60	9	6	9.0	8.0	0.15	-9.5
shuffle_Hsa-Mir-5586_pre_4	0	60	5	11	5.0	4.0	0.08333333333333333	-7.1
shuffle_Hsa-Mir-5687_pre_0	0	58	4	12	4.0	3.0	0.06896551724137931	-5.9
shuffle_Hsa-Mir-5687_pre_6	0	58	5	5	5.0	4.0	0.08620689655172414	-5.1
shuffle_Hsa-Mir-6529_pre_6	0	61	6	7	6.0	5.0	0.09836065573770492	-12.3
shuffle_Hsa-Mir-6715_pre_2	0	57	7	8	7.0	6.0	0.12280701754385964	-11.3
shuffle_Hsa-Mir-7151_pre_7	0	60	7	4	7.0	6.0	0.11666666666666667	-12.9
shuffle_Hsa-Mir-7706_pre_9	0	60	5	8	5.0	4.0	0.08333333333333333	-23.1
shuffle_Hsa-Mir-7854_pre_0	0	61	7	6	7.0	6.0	0.11475409836065574	-11.7
shuffle_Hsa-Mir-7854_pre_2	0	61	4	6	4.0	3.0	0.06557377049180328	-11.0
shuffle_Hsa-Mir-7854_pre_9	0	61	8	8	8.0	7.0	0.13114754098360656	-15.0
shuffle_Hsa-Mir-9851_pre_6	0	57	8	5	8.0	7.0	0.14035087719298245	-15.9
shuffle_Hsa-Mir-9851_pre_8	0	57	11	5	11.0	10.0	0.19298245614035087	-14.5
shuffle_Hsa-Mir-12462-v1_pre_0	0	59	9	6	9.0	8.0	0.15254237288135594	-14.6
shuffle_Hsa-Mir-12462-v1_pre_1	0	59	6	6	6.0	5.0	0.1016949152542373	-17.1
shuffle_Hsa-Mir-12462-v1_pre_3	0	59	10	5	10.0	9.0	0.1694915254237288	-11.7
shuffle_Hsa-Mir-12462-v1_pre_4	0	59	5	6	5.0	4.0	0.0847457627118644	-16.2
shuffle_Hsa-Mir-12462-v1_pre_6	0	59	6	7	6.0	5.0	0.1016949152542373	-19.5
shuffle_Hsa-Mir-12463_pre_7	0	59	5	13	5.0	4.0	0.0847457627118644	-14.5
shuffle_Hsa-Mir-12463_pre_9	0	59	3	5	3.0	2.0	0.05084745762711865	-14.6
